feature_id,parent,level,name_zh,role,platform,support,verification,article_status,state,conclusion,confirmed_support,total_support,confirmed_comparisons,total_comparisons,confidence,confidence_rationale,device_requirement,device_state
a11y,,L1,无障碍,rollup,android,unknown,unreviewed,stub,not_started,unknown,0,3,0,21,unassessed,尚未逐条评估证据和适用范围,unassessed,unassessed
a11y,,L1,无障碍,rollup,ios,unknown,unreviewed,stub,not_started,unknown,0,3,0,21,unassessed,尚未逐条评估证据和适用范围,unassessed,unassessed
a11y,,L1,无障碍,rollup,harmonyos,unknown,unreviewed,stub,not_started,unknown,0,3,0,21,unassessed,尚未逐条评估证据和适用范围,unassessed,unassessed
a11y.framework,a11y,L2,无障碍框架,rollup,android,unknown,unreviewed,stub,not_started,unknown,0,3,0,21,unassessed,尚未逐条评估证据和适用范围,unassessed,unassessed
a11y.framework,a11y,L2,无障碍框架,rollup,ios,unknown,unreviewed,stub,not_started,unknown,0,3,0,21,unassessed,尚未逐条评估证据和适用范围,unassessed,unassessed
a11y.framework,a11y,L2,无障碍框架,rollup,harmonyos,unknown,unreviewed,stub,not_started,unknown,0,3,0,21,unassessed,尚未逐条评估证据和适用范围,unassessed,unassessed
a11y.framework.tree,a11y.framework,L3,无障碍树与语义,leaf,android,unknown,unreviewed,stub,not_started,unknown,0,3,0,21,unassessed,尚未逐条评估证据和适用范围,unassessed,unassessed
a11y.framework.tree,a11y.framework,L3,无障碍树与语义,leaf,ios,unknown,unreviewed,stub,not_started,unknown,0,3,0,21,unassessed,尚未逐条评估证据和适用范围,unassessed,unassessed
a11y.framework.tree,a11y.framework,L3,无障碍树与语义,leaf,harmonyos,unknown,unreviewed,stub,not_started,unknown,0,3,0,21,unassessed,尚未逐条评估证据和适用范围,unassessed,unassessed
a11y.service,a11y,L2,无障碍服务,rollup,android,unknown,unreviewed,stub,not_started,unknown,0,3,0,21,unassessed,尚未逐条评估证据和适用范围,unassessed,unassessed
a11y.service,a11y,L2,无障碍服务,rollup,ios,unknown,unreviewed,stub,not_started,unknown,0,3,0,21,unassessed,尚未逐条评估证据和适用范围,unassessed,unassessed
a11y.service,a11y,L2,无障碍服务,rollup,harmonyos,unknown,unreviewed,stub,not_started,unknown,0,3,0,21,unassessed,尚未逐条评估证据和适用范围,unassessed,unassessed
a11y.service.extension,a11y.service,L3,无障碍服务扩展,leaf,android,unknown,unreviewed,stub,not_started,unknown,0,3,0,21,unassessed,尚未逐条评估证据和适用范围,unassessed,unassessed
a11y.service.extension,a11y.service,L3,无障碍服务扩展,leaf,ios,unknown,unreviewed,stub,not_started,unknown,0,3,0,21,unassessed,尚未逐条评估证据和适用范围,unassessed,unassessed
a11y.service.extension,a11y.service,L3,无障碍服务扩展,leaf,harmonyos,unknown,unreviewed,stub,not_started,unknown,0,3,0,21,unassessed,尚未逐条评估证据和适用范围,unassessed,unassessed
ai,,L1,AI与智能,rollup,android,unknown,unreviewed,stub,not_started,unknown,0,3,0,21,unassessed,尚未逐条评估证据和适用范围,unassessed,unassessed
ai,,L1,AI与智能,rollup,ios,unknown,unreviewed,stub,not_started,unknown,0,3,0,21,unassessed,尚未逐条评估证据和适用范围,unassessed,unassessed
ai,,L1,AI与智能,rollup,harmonyos,unknown,unreviewed,stub,not_started,unknown,0,3,0,21,unassessed,尚未逐条评估证据和适用范围,unassessed,unassessed
ai.on_device,ai,L2,端侧推理,rollup,android,unknown,unreviewed,stub,not_started,unknown,0,3,0,21,unassessed,尚未逐条评估证据和适用范围,unassessed,unassessed
ai.on_device,ai,L2,端侧推理,rollup,ios,unknown,unreviewed,stub,not_started,unknown,0,3,0,21,unassessed,尚未逐条评估证据和适用范围,unassessed,unassessed
ai.on_device,ai,L2,端侧推理,rollup,harmonyos,unknown,unreviewed,stub,not_started,unknown,0,3,0,21,unassessed,尚未逐条评估证据和适用范围,unassessed,unassessed
ai.on_device.runtime,ai.on_device,L3,端侧ML运行时,leaf,android,unknown,unreviewed,stub,not_started,unknown,0,3,0,21,unassessed,尚未逐条评估证据和适用范围,unassessed,unassessed
ai.on_device.runtime,ai.on_device,L3,端侧ML运行时,leaf,ios,unknown,unreviewed,stub,not_started,unknown,0,3,0,21,unassessed,尚未逐条评估证据和适用范围,unassessed,unassessed
ai.on_device.runtime,ai.on_device,L3,端侧ML运行时,leaf,harmonyos,unknown,unreviewed,stub,not_started,unknown,0,3,0,21,unassessed,尚未逐条评估证据和适用范围,unassessed,unassessed
ai.system,ai,L2,系统智能,rollup,android,unknown,unreviewed,stub,not_started,unknown,0,3,0,21,unassessed,尚未逐条评估证据和适用范围,unassessed,unassessed
ai.system,ai,L2,系统智能,rollup,ios,unknown,unreviewed,stub,not_started,unknown,0,3,0,21,unassessed,尚未逐条评估证据和适用范围,unassessed,unassessed
ai.system,ai,L2,系统智能,rollup,harmonyos,unknown,unreviewed,stub,not_started,unknown,0,3,0,21,unassessed,尚未逐条评估证据和适用范围,unassessed,unassessed
ai.system.suggestions,ai.system,L3,系统智能建议,leaf,android,unknown,unreviewed,stub,not_started,unknown,0,3,0,21,unassessed,尚未逐条评估证据和适用范围,unassessed,unassessed
ai.system.suggestions,ai.system,L3,系统智能建议,leaf,ios,unknown,unreviewed,stub,not_started,unknown,0,3,0,21,unassessed,尚未逐条评估证据和适用范围,unassessed,unassessed
ai.system.suggestions,ai.system,L3,系统智能建议,leaf,harmonyos,unknown,unreviewed,stub,not_started,unknown,0,3,0,21,unassessed,尚未逐条评估证据和适用范围,unassessed,unassessed
app,,L1,应用模型,rollup,android,unknown,unreviewed,stub,not_started,unknown,0,3,0,21,unassessed,尚未逐条评估证据和适用范围,unassessed,unassessed
app,,L1,应用模型,rollup,ios,unknown,unreviewed,stub,not_started,unknown,0,3,0,21,unassessed,尚未逐条评估证据和适用范围,unassessed,unassessed
app,,L1,应用模型,rollup,harmonyos,unknown,unreviewed,stub,not_started,unknown,0,3,0,21,unassessed,尚未逐条评估证据和适用范围,unassessed,unassessed
app.background,app,L2,后台执行,rollup,android,unknown,unreviewed,stub,not_started,unknown,0,3,0,21,unassessed,尚未逐条评估证据和适用范围,unassessed,unassessed
app.background,app,L2,后台执行,rollup,ios,unknown,unreviewed,stub,not_started,unknown,0,3,0,21,unassessed,尚未逐条评估证据和适用范围,unassessed,unassessed
app.background,app,L2,后台执行,rollup,harmonyos,unknown,unreviewed,stub,not_started,unknown,0,3,0,21,unassessed,尚未逐条评估证据和适用范围,unassessed,unassessed
app.background.deferred_work,app.background,L3,延迟与条件任务,leaf,android,unknown,unreviewed,stub,not_started,unknown,0,3,0,21,unassessed,尚未逐条评估证据和适用范围,unassessed,unassessed
app.background.deferred_work,app.background,L3,延迟与条件任务,leaf,ios,unknown,unreviewed,stub,not_started,unknown,0,3,0,21,unassessed,尚未逐条评估证据和适用范围,unassessed,unassessed
app.background.deferred_work,app.background,L3,延迟与条件任务,leaf,harmonyos,unknown,unreviewed,stub,not_started,unknown,0,3,0,21,unassessed,尚未逐条评估证据和适用范围,unassessed,unassessed
app.background.foreground_task,app.background,L3,前台长时任务,leaf,android,unknown,unreviewed,draft,not_started,unknown,0,3,0,21,unassessed,尚未逐条评估证据和适用范围,unassessed,unassessed
app.background.foreground_task,app.background,L3,前台长时任务,leaf,ios,unknown,unreviewed,draft,not_started,unknown,0,3,0,21,unassessed,尚未逐条评估证据和适用范围,unassessed,unassessed
app.background.foreground_task,app.background,L3,前台长时任务,leaf,harmonyos,unknown,unreviewed,draft,not_started,unknown,0,3,0,21,unassessed,尚未逐条评估证据和适用范围,unassessed,unassessed
app.desktop,app,L2,桌面能力,rollup,android,unknown,unreviewed,stub,not_started,unknown,0,3,0,21,unassessed,尚未逐条评估证据和适用范围,unassessed,unassessed
app.desktop,app,L2,桌面能力,rollup,ios,unknown,unreviewed,stub,not_started,unknown,0,3,0,21,unassessed,尚未逐条评估证据和适用范围,unassessed,unassessed
app.desktop,app,L2,桌面能力,rollup,harmonyos,unknown,unreviewed,stub,not_started,unknown,0,3,0,21,unassessed,尚未逐条评估证据和适用范围,unassessed,unassessed
app.desktop.shortcuts,app.desktop,L3,桌面快捷方式,leaf,android,unknown,unreviewed,stub,not_started,unknown,0,3,0,21,unassessed,尚未逐条评估证据和适用范围,unassessed,unassessed
app.desktop.shortcuts,app.desktop,L3,桌面快捷方式,leaf,ios,unknown,unreviewed,stub,not_started,unknown,0,3,0,21,unassessed,尚未逐条评估证据和适用范围,unassessed,unassessed
app.desktop.shortcuts,app.desktop,L3,桌面快捷方式,leaf,harmonyos,unknown,unreviewed,stub,not_started,unknown,0,3,0,21,unassessed,尚未逐条评估证据和适用范围,unassessed,unassessed
app.desktop.widget,app.desktop,L3,桌面小组件,leaf,android,unknown,unreviewed,stub,not_started,unknown,0,3,0,21,unassessed,尚未逐条评估证据和适用范围,unassessed,unassessed
app.desktop.widget,app.desktop,L3,桌面小组件,leaf,ios,unknown,unreviewed,stub,not_started,unknown,0,3,0,21,unassessed,尚未逐条评估证据和适用范围,unassessed,unassessed
app.desktop.widget,app.desktop,L3,桌面小组件,leaf,harmonyos,unknown,unreviewed,stub,not_started,unknown,0,3,0,21,unassessed,尚未逐条评估证据和适用范围,unassessed,unassessed
app.extensions,app,L2,扩展点,rollup,android,unknown,unreviewed,stub,not_started,unknown,0,3,0,21,unassessed,尚未逐条评估证据和适用范围,unassessed,unassessed
app.extensions,app,L2,扩展点,rollup,ios,unknown,unreviewed,stub,not_started,unknown,0,3,0,21,unassessed,尚未逐条评估证据和适用范围,unassessed,unassessed
app.extensions,app,L2,扩展点,rollup,harmonyos,unknown,unreviewed,stub,not_started,unknown,0,3,0,21,unassessed,尚未逐条评估证据和适用范围,unassessed,unassessed
app.extensions.share,app.extensions,L3,分享扩展,leaf,android,unknown,unreviewed,stub,not_started,unknown,0,3,0,21,unassessed,尚未逐条评估证据和适用范围,unassessed,unassessed
app.extensions.share,app.extensions,L3,分享扩展,leaf,ios,unknown,unreviewed,stub,not_started,unknown,0,3,0,21,unassessed,尚未逐条评估证据和适用范围,unassessed,unassessed
app.extensions.share,app.extensions,L3,分享扩展,leaf,harmonyos,unknown,unreviewed,stub,not_started,unknown,0,3,0,21,unassessed,尚未逐条评估证据和适用范围,unassessed,unassessed
app.install,app,L2,安装与更新,rollup,android,unknown,unreviewed,stub,not_started,unknown,0,3,0,21,unassessed,尚未逐条评估证据和适用范围,unassessed,unassessed
app.install,app,L2,安装与更新,rollup,ios,unknown,unreviewed,stub,not_started,unknown,0,3,0,21,unassessed,尚未逐条评估证据和适用范围,unassessed,unassessed
app.install,app,L2,安装与更新,rollup,harmonyos,unknown,unreviewed,stub,not_started,unknown,0,3,0,21,unassessed,尚未逐条评估证据和适用范围,unassessed,unassessed
app.install.instant,app.install,L3,轻量即用安装,leaf,android,unknown,unreviewed,draft,not_started,unknown,0,3,0,21,unassessed,尚未逐条评估证据和适用范围,unassessed,unassessed
app.install.instant,app.install,L3,轻量即用安装,leaf,ios,unknown,unreviewed,draft,not_started,unknown,0,3,0,21,unassessed,尚未逐条评估证据和适用范围,unassessed,unassessed
app.install.instant,app.install,L3,轻量即用安装,leaf,harmonyos,unknown,unreviewed,draft,not_started,unknown,0,3,0,21,unassessed,尚未逐条评估证据和适用范围,unassessed,unassessed
app.install.package_update,app.install,L3,应用安装更新,leaf,android,unknown,unreviewed,stub,not_started,unknown,0,3,0,21,unassessed,尚未逐条评估证据和适用范围,unassessed,unassessed
app.install.package_update,app.install,L3,应用安装更新,leaf,ios,unknown,unreviewed,stub,not_started,unknown,0,3,0,21,unassessed,尚未逐条评估证据和适用范围,unassessed,unassessed
app.install.package_update,app.install,L3,应用安装更新,leaf,harmonyos,unknown,unreviewed,stub,not_started,unknown,0,3,0,21,unassessed,尚未逐条评估证据和适用范围,unassessed,unassessed
app.lifecycle,app,L2,组件生命周期,rollup,android,unknown,unreviewed,stub,not_started,unknown,0,3,0,21,unassessed,尚未逐条评估证据和适用范围,unassessed,unassessed
app.lifecycle,app,L2,组件生命周期,rollup,ios,unknown,unreviewed,stub,not_started,unknown,0,3,0,21,unassessed,尚未逐条评估证据和适用范围,unassessed,unassessed
app.lifecycle,app,L2,组件生命周期,rollup,harmonyos,unknown,unreviewed,stub,not_started,unknown,0,3,0,21,unassessed,尚未逐条评估证据和适用范围,unassessed,unassessed
app.lifecycle.activity_ability,app.lifecycle,L3,界面组件生命周期,leaf,android,unknown,unreviewed,draft,not_started,unknown,0,3,0,21,unassessed,尚未逐条评估证据和适用范围,unassessed,unassessed
app.lifecycle.activity_ability,app.lifecycle,L3,界面组件生命周期,leaf,ios,unknown,unreviewed,draft,not_started,unknown,0,3,0,21,unassessed,尚未逐条评估证据和适用范围,unassessed,unassessed
app.lifecycle.activity_ability,app.lifecycle,L3,界面组件生命周期,leaf,harmonyos,unknown,unreviewed,draft,not_started,unknown,0,3,0,21,unassessed,尚未逐条评估证据和适用范围,unassessed,unassessed
app.lifecycle.process,app.lifecycle,L3,进程与内存回收,leaf,android,unknown,unreviewed,stub,not_started,unknown,0,3,0,21,unassessed,尚未逐条评估证据和适用范围,unassessed,unassessed
app.lifecycle.process,app.lifecycle,L3,进程与内存回收,leaf,ios,unknown,unreviewed,stub,not_started,unknown,0,3,0,21,unassessed,尚未逐条评估证据和适用范围,unassessed,unassessed
app.lifecycle.process,app.lifecycle,L3,进程与内存回收,leaf,harmonyos,unknown,unreviewed,stub,not_started,unknown,0,3,0,21,unassessed,尚未逐条评估证据和适用范围,unassessed,unassessed
commerce,,L1,商业与增长,rollup,android,unknown,unreviewed,stub,not_started,unknown,0,3,0,21,unassessed,尚未逐条评估证据和适用范围,unassessed,unassessed
commerce,,L1,商业与增长,rollup,ios,unknown,unreviewed,stub,not_started,unknown,0,3,0,21,unassessed,尚未逐条评估证据和适用范围,unassessed,unassessed
commerce,,L1,商业与增长,rollup,harmonyos,unknown,unreviewed,stub,not_started,unknown,0,3,0,21,unassessed,尚未逐条评估证据和适用范围,unassessed,unassessed
commerce.ads,commerce,L2,广告,rollup,android,unknown,unreviewed,stub,not_started,unknown,0,3,0,21,unassessed,尚未逐条评估证据和适用范围,unassessed,unassessed
commerce.ads,commerce,L2,广告,rollup,ios,unknown,unreviewed,stub,not_started,unknown,0,3,0,21,unassessed,尚未逐条评估证据和适用范围,unassessed,unassessed
commerce.ads,commerce,L2,广告,rollup,harmonyos,unknown,unreviewed,stub,not_started,unknown,0,3,0,21,unassessed,尚未逐条评估证据和适用范围,unassessed,unassessed
commerce.ads.sdk,commerce.ads,L3,广告SDK,leaf,android,unknown,unreviewed,stub,not_started,unknown,0,3,0,21,unassessed,尚未逐条评估证据和适用范围,unassessed,unassessed
commerce.ads.sdk,commerce.ads,L3,广告SDK,leaf,ios,unknown,unreviewed,stub,not_started,unknown,0,3,0,21,unassessed,尚未逐条评估证据和适用范围,unassessed,unassessed
commerce.ads.sdk,commerce.ads,L3,广告SDK,leaf,harmonyos,unknown,unreviewed,stub,not_started,unknown,0,3,0,21,unassessed,尚未逐条评估证据和适用范围,unassessed,unassessed
commerce.analytics,commerce,L2,分析,rollup,android,unknown,unreviewed,stub,not_started,unknown,0,3,0,21,unassessed,尚未逐条评估证据和适用范围,unassessed,unassessed
commerce.analytics,commerce,L2,分析,rollup,ios,unknown,unreviewed,stub,not_started,unknown,0,3,0,21,unassessed,尚未逐条评估证据和适用范围,unassessed,unassessed
commerce.analytics,commerce,L2,分析,rollup,harmonyos,unknown,unreviewed,stub,not_started,unknown,0,3,0,21,unassessed,尚未逐条评估证据和适用范围,unassessed,unassessed
commerce.analytics.events,commerce.analytics,L3,分析事件,leaf,android,unknown,unreviewed,stub,not_started,unknown,0,3,0,21,unassessed,尚未逐条评估证据和适用范围,unassessed,unassessed
commerce.analytics.events,commerce.analytics,L3,分析事件,leaf,ios,unknown,unreviewed,stub,not_started,unknown,0,3,0,21,unassessed,尚未逐条评估证据和适用范围,unassessed,unassessed
commerce.analytics.events,commerce.analytics,L3,分析事件,leaf,harmonyos,unknown,unreviewed,stub,not_started,unknown,0,3,0,21,unassessed,尚未逐条评估证据和适用范围,unassessed,unassessed
commerce.iap,commerce,L2,应用内购买,rollup,android,unknown,unreviewed,stub,not_started,unknown,0,3,0,21,unassessed,尚未逐条评估证据和适用范围,unassessed,unassessed
commerce.iap,commerce,L2,应用内购买,rollup,ios,unknown,unreviewed,stub,not_started,unknown,0,3,0,21,unassessed,尚未逐条评估证据和适用范围,unassessed,unassessed
commerce.iap,commerce,L2,应用内购买,rollup,harmonyos,unknown,unreviewed,stub,not_started,unknown,0,3,0,21,unassessed,尚未逐条评估证据和适用范围,unassessed,unassessed
commerce.iap.products,commerce.iap,L3,内购商品,leaf,android,unknown,unreviewed,stub,not_started,unknown,0,3,0,21,unassessed,尚未逐条评估证据和适用范围,unassessed,unassessed
commerce.iap.products,commerce.iap,L3,内购商品,leaf,ios,unknown,unreviewed,stub,not_started,unknown,0,3,0,21,unassessed,尚未逐条评估证据和适用范围,unassessed,unassessed
commerce.iap.products,commerce.iap,L3,内购商品,leaf,harmonyos,unknown,unreviewed,stub,not_started,unknown,0,3,0,21,unassessed,尚未逐条评估证据和适用范围,unassessed,unassessed
connectivity,,L1,连接与外设,rollup,android,unknown,unreviewed,stub,not_started,unknown,0,3,0,21,unassessed,尚未逐条评估证据和适用范围,unassessed,unassessed
connectivity,,L1,连接与外设,rollup,ios,unknown,unreviewed,stub,not_started,unknown,0,3,0,21,unassessed,尚未逐条评估证据和适用范围,unassessed,unassessed
connectivity,,L1,连接与外设,rollup,harmonyos,unknown,unreviewed,stub,not_started,unknown,0,3,0,21,unassessed,尚未逐条评估证据和适用范围,unassessed,unassessed
connectivity.bluetooth,connectivity,L2,蓝牙,rollup,android,unknown,unreviewed,stub,not_started,unknown,0,3,0,21,unassessed,尚未逐条评估证据和适用范围,unassessed,unassessed
connectivity.bluetooth,connectivity,L2,蓝牙,rollup,ios,unknown,unreviewed,stub,not_started,unknown,0,3,0,21,unassessed,尚未逐条评估证据和适用范围,unassessed,unassessed
connectivity.bluetooth,connectivity,L2,蓝牙,rollup,harmonyos,unknown,unreviewed,stub,not_started,unknown,0,3,0,21,unassessed,尚未逐条评估证据和适用范围,unassessed,unassessed
connectivity.bluetooth.classic,connectivity.bluetooth,L3,经典蓝牙,leaf,android,unknown,unreviewed,stub,not_started,unknown,0,3,0,21,unassessed,尚未逐条评估证据和适用范围,unassessed,unassessed
connectivity.bluetooth.classic,connectivity.bluetooth,L3,经典蓝牙,leaf,ios,unknown,unreviewed,stub,not_started,unknown,0,3,0,21,unassessed,尚未逐条评估证据和适用范围,unassessed,unassessed
connectivity.bluetooth.classic,connectivity.bluetooth,L3,经典蓝牙,leaf,harmonyos,unknown,unreviewed,stub,not_started,unknown,0,3,0,21,unassessed,尚未逐条评估证据和适用范围,unassessed,unassessed
connectivity.bluetooth.le,connectivity.bluetooth,L3,低功耗蓝牙,rollup,android,unknown,unreviewed,stub,not_started,unknown,0,3,0,21,unassessed,尚未逐条评估证据和适用范围,unassessed,unassessed
connectivity.bluetooth.le,connectivity.bluetooth,L3,低功耗蓝牙,rollup,ios,unknown,unreviewed,stub,not_started,unknown,0,3,0,21,unassessed,尚未逐条评估证据和适用范围,unassessed,unassessed
connectivity.bluetooth.le,connectivity.bluetooth,L3,低功耗蓝牙,rollup,harmonyos,unknown,unreviewed,stub,not_started,unknown,0,3,0,21,unassessed,尚未逐条评估证据和适用范围,unassessed,unassessed
connectivity.bluetooth.le.advertise,connectivity.bluetooth.le,L4,BLE广播,leaf,android,unknown,unreviewed,stub,not_started,unknown,0,3,0,21,unassessed,尚未逐条评估证据和适用范围,unassessed,unassessed
connectivity.bluetooth.le.advertise,connectivity.bluetooth.le,L4,BLE广播,leaf,ios,unknown,unreviewed,stub,not_started,unknown,0,3,0,21,unassessed,尚未逐条评估证据和适用范围,unassessed,unassessed
connectivity.bluetooth.le.advertise,connectivity.bluetooth.le,L4,BLE广播,leaf,harmonyos,unknown,unreviewed,stub,not_started,unknown,0,3,0,21,unassessed,尚未逐条评估证据和适用范围,unassessed,unassessed
connectivity.bluetooth.le.connect,connectivity.bluetooth.le,L4,BLE连接,leaf,android,unknown,unreviewed,stub,not_started,unknown,0,3,0,21,unassessed,尚未逐条评估证据和适用范围,unassessed,unassessed
connectivity.bluetooth.le.connect,connectivity.bluetooth.le,L4,BLE连接,leaf,ios,unknown,unreviewed,stub,not_started,unknown,0,3,0,21,unassessed,尚未逐条评估证据和适用范围,unassessed,unassessed
connectivity.bluetooth.le.connect,connectivity.bluetooth.le,L4,BLE连接,leaf,harmonyos,unknown,unreviewed,stub,not_started,unknown,0,3,0,21,unassessed,尚未逐条评估证据和适用范围,unassessed,unassessed
connectivity.bluetooth.le.gatt,connectivity.bluetooth.le,L4,GATT读写通知,leaf,android,unknown,unreviewed,stub,not_started,unknown,0,3,0,21,unassessed,尚未逐条评估证据和适用范围,unassessed,unassessed
connectivity.bluetooth.le.gatt,connectivity.bluetooth.le,L4,GATT读写通知,leaf,ios,unknown,unreviewed,stub,not_started,unknown,0,3,0,21,unassessed,尚未逐条评估证据和适用范围,unassessed,unassessed
connectivity.bluetooth.le.gatt,connectivity.bluetooth.le,L4,GATT读写通知,leaf,harmonyos,unknown,unreviewed,stub,not_started,unknown,0,3,0,21,unassessed,尚未逐条评估证据和适用范围,unassessed,unassessed
connectivity.bluetooth.le.scan,connectivity.bluetooth.le,L4,BLE扫描,rollup,android,unknown,unreviewed,stub,not_started,unknown,0,3,0,21,unassessed,尚未逐条评估证据和适用范围,unassessed,unassessed
connectivity.bluetooth.le.scan,connectivity.bluetooth.le,L4,BLE扫描,rollup,ios,unknown,unreviewed,stub,not_started,unknown,0,3,0,21,unassessed,尚未逐条评估证据和适用范围,unassessed,unassessed
connectivity.bluetooth.le.scan,connectivity.bluetooth.le,L4,BLE扫描,rollup,harmonyos,unknown,unreviewed,stub,not_started,unknown,0,3,0,21,unassessed,尚未逐条评估证据和适用范围,unassessed,unassessed
connectivity.bluetooth.le.scan.background,connectivity.bluetooth.le.scan,L5,BLE后台扫描,leaf,android,unknown,unreviewed,draft,not_started,unknown,0,3,0,21,unassessed,尚未逐条评估证据和适用范围,unassessed,unassessed
connectivity.bluetooth.le.scan.background,connectivity.bluetooth.le.scan,L5,BLE后台扫描,leaf,ios,unknown,unreviewed,draft,not_started,unknown,0,3,0,21,unassessed,尚未逐条评估证据和适用范围,unassessed,unassessed
connectivity.bluetooth.le.scan.background,connectivity.bluetooth.le.scan,L5,BLE后台扫描,leaf,harmonyos,unknown,unreviewed,draft,not_started,unknown,0,3,0,21,unassessed,尚未逐条评估证据和适用范围,unassessed,unassessed
connectivity.bluetooth.le.scan.batch,connectivity.bluetooth.le.scan,L5,BLE批量扫描结果,leaf,android,unknown,unreviewed,stub,not_started,unknown,0,3,0,21,unassessed,尚未逐条评估证据和适用范围,unassessed,unassessed
connectivity.bluetooth.le.scan.batch,connectivity.bluetooth.le.scan,L5,BLE批量扫描结果,leaf,ios,unknown,unreviewed,stub,not_started,unknown,0,3,0,21,unassessed,尚未逐条评估证据和适用范围,unassessed,unassessed
connectivity.bluetooth.le.scan.batch,connectivity.bluetooth.le.scan,L5,BLE批量扫描结果,leaf,harmonyos,unknown,unreviewed,stub,not_started,unknown,0,3,0,21,unassessed,尚未逐条评估证据和适用范围,unassessed,unassessed
connectivity.bluetooth.le.scan.filter,connectivity.bluetooth.le.scan,L5,BLE扫描过滤,leaf,android,unknown,in_review,reviewed,in_progress,unknown,0,3,0,21,unassessed,尚未逐条评估证据和适用范围,unassessed,unassessed
connectivity.bluetooth.le.scan.filter,connectivity.bluetooth.le.scan,L5,BLE扫描过滤,leaf,ios,unknown,in_review,reviewed,in_progress,unknown,0,3,0,21,unassessed,尚未逐条评估证据和适用范围,unassessed,unassessed
connectivity.bluetooth.le.scan.filter,connectivity.bluetooth.le.scan,L5,BLE扫描过滤,leaf,harmonyos,unknown,unreviewed,reviewed,in_progress,unknown,0,3,0,21,unassessed,尚未逐条评估证据和适用范围,unassessed,unassessed
connectivity.nfc,connectivity,L2,NFC,rollup,android,unknown,unreviewed,stub,not_started,unknown,0,3,0,21,unassessed,尚未逐条评估证据和适用范围,unassessed,unassessed
connectivity.nfc,connectivity,L2,NFC,rollup,ios,unknown,unreviewed,stub,not_started,unknown,0,3,0,21,unassessed,尚未逐条评估证据和适用范围,unassessed,unassessed
connectivity.nfc,connectivity,L2,NFC,rollup,harmonyos,unknown,unreviewed,stub,not_started,unknown,0,3,0,21,unassessed,尚未逐条评估证据和适用范围,unassessed,unassessed
connectivity.nfc.hce,connectivity.nfc,L3,主机卡模拟,leaf,android,unknown,unreviewed,stub,not_started,unknown,0,3,0,21,unassessed,尚未逐条评估证据和适用范围,unassessed,unassessed
connectivity.nfc.hce,connectivity.nfc,L3,主机卡模拟,leaf,ios,unknown,unreviewed,stub,not_started,unknown,0,3,0,21,unassessed,尚未逐条评估证据和适用范围,unassessed,unassessed
connectivity.nfc.hce,connectivity.nfc,L3,主机卡模拟,leaf,harmonyos,unknown,unreviewed,stub,not_started,unknown,0,3,0,21,unassessed,尚未逐条评估证据和适用范围,unassessed,unassessed
connectivity.nfc.reader,connectivity.nfc,L3,NFC读写,leaf,android,unknown,unreviewed,stub,not_started,unknown,0,3,0,21,unassessed,尚未逐条评估证据和适用范围,unassessed,unassessed
connectivity.nfc.reader,connectivity.nfc,L3,NFC读写,leaf,ios,unknown,unreviewed,stub,not_started,unknown,0,3,0,21,unassessed,尚未逐条评估证据和适用范围,unassessed,unassessed
connectivity.nfc.reader,connectivity.nfc,L3,NFC读写,leaf,harmonyos,unknown,unreviewed,stub,not_started,unknown,0,3,0,21,unassessed,尚未逐条评估证据和适用范围,unassessed,unassessed
connectivity.usb,connectivity,L2,USB,rollup,android,unknown,unreviewed,stub,not_started,unknown,0,3,0,21,unassessed,尚未逐条评估证据和适用范围,unassessed,unassessed
connectivity.usb,connectivity,L2,USB,rollup,ios,unknown,unreviewed,stub,not_started,unknown,0,3,0,21,unassessed,尚未逐条评估证据和适用范围,unassessed,unassessed
connectivity.usb,connectivity,L2,USB,rollup,harmonyos,unknown,unreviewed,stub,not_started,unknown,0,3,0,21,unassessed,尚未逐条评估证据和适用范围,unassessed,unassessed
connectivity.usb.host,connectivity.usb,L3,USB主机模式,leaf,android,unknown,unreviewed,stub,not_started,unknown,0,3,0,21,unassessed,尚未逐条评估证据和适用范围,unassessed,unassessed
connectivity.usb.host,connectivity.usb,L3,USB主机模式,leaf,ios,unknown,unreviewed,stub,not_started,unknown,0,3,0,21,unassessed,尚未逐条评估证据和适用范围,unassessed,unassessed
connectivity.usb.host,connectivity.usb,L3,USB主机模式,leaf,harmonyos,unknown,unreviewed,stub,not_started,unknown,0,3,0,21,unassessed,尚未逐条评估证据和适用范围,unassessed,unassessed
connectivity.wifi,connectivity,L2,Wi-Fi,rollup,android,unknown,unreviewed,stub,not_started,unknown,0,3,0,21,unassessed,尚未逐条评估证据和适用范围,unassessed,unassessed
connectivity.wifi,connectivity,L2,Wi-Fi,rollup,ios,unknown,unreviewed,stub,not_started,unknown,0,3,0,21,unassessed,尚未逐条评估证据和适用范围,unassessed,unassessed
connectivity.wifi,connectivity,L2,Wi-Fi,rollup,harmonyos,unknown,unreviewed,stub,not_started,unknown,0,3,0,21,unassessed,尚未逐条评估证据和适用范围,unassessed,unassessed
connectivity.wifi.connect,connectivity.wifi,L3,Wi-Fi连接建议,leaf,android,unknown,unreviewed,stub,not_started,unknown,0,3,0,21,unassessed,尚未逐条评估证据和适用范围,unassessed,unassessed
connectivity.wifi.connect,connectivity.wifi,L3,Wi-Fi连接建议,leaf,ios,unknown,unreviewed,stub,not_started,unknown,0,3,0,21,unassessed,尚未逐条评估证据和适用范围,unassessed,unassessed
connectivity.wifi.connect,connectivity.wifi,L3,Wi-Fi连接建议,leaf,harmonyos,unknown,unreviewed,stub,not_started,unknown,0,3,0,21,unassessed,尚未逐条评估证据和适用范围,unassessed,unassessed
connectivity.wifi.scan,connectivity.wifi,L3,Wi-Fi扫描,leaf,android,unknown,unreviewed,stub,not_started,unknown,0,3,0,21,unassessed,尚未逐条评估证据和适用范围,unassessed,unassessed
connectivity.wifi.scan,connectivity.wifi,L3,Wi-Fi扫描,leaf,ios,unknown,unreviewed,stub,not_started,unknown,0,3,0,21,unassessed,尚未逐条评估证据和适用范围,unassessed,unassessed
connectivity.wifi.scan,connectivity.wifi,L3,Wi-Fi扫描,leaf,harmonyos,unknown,unreviewed,stub,not_started,unknown,0,3,0,21,unassessed,尚未逐条评估证据和适用范围,unassessed,unassessed
device,,L1,设备与系统资源,rollup,android,unknown,unreviewed,stub,not_started,unknown,0,3,0,21,unassessed,尚未逐条评估证据和适用范围,unassessed,unassessed
device,,L1,设备与系统资源,rollup,ios,unknown,unreviewed,stub,not_started,unknown,0,3,0,21,unassessed,尚未逐条评估证据和适用范围,unassessed,unassessed
device,,L1,设备与系统资源,rollup,harmonyos,unknown,unreviewed,stub,not_started,unknown,0,3,0,21,unassessed,尚未逐条评估证据和适用范围,unassessed,unassessed
device.audio_route,device,L2,音频路由,rollup,android,unknown,unreviewed,stub,not_started,unknown,0,3,0,21,unassessed,尚未逐条评估证据和适用范围,unassessed,unassessed
device.audio_route,device,L2,音频路由,rollup,ios,unknown,unreviewed,stub,not_started,unknown,0,3,0,21,unassessed,尚未逐条评估证据和适用范围,unassessed,unassessed
device.audio_route,device,L2,音频路由,rollup,harmonyos,unknown,unreviewed,stub,not_started,unknown,0,3,0,21,unassessed,尚未逐条评估证据和适用范围,unassessed,unassessed
device.audio_route.output,device.audio_route,L3,音频输出路由,leaf,android,unknown,unreviewed,stub,not_started,unknown,0,3,0,21,unassessed,尚未逐条评估证据和适用范围,unassessed,unassessed
device.audio_route.output,device.audio_route,L3,音频输出路由,leaf,ios,unknown,unreviewed,stub,not_started,unknown,0,3,0,21,unassessed,尚未逐条评估证据和适用范围,unassessed,unassessed
device.audio_route.output,device.audio_route,L3,音频输出路由,leaf,harmonyos,unknown,unreviewed,stub,not_started,unknown,0,3,0,21,unassessed,尚未逐条评估证据和适用范围,unassessed,unassessed
device.display,device,L2,显示,rollup,android,unknown,unreviewed,stub,not_started,unknown,0,3,0,21,unassessed,尚未逐条评估证据和适用范围,unassessed,unassessed
device.display,device,L2,显示,rollup,ios,unknown,unreviewed,stub,not_started,unknown,0,3,0,21,unassessed,尚未逐条评估证据和适用范围,unassessed,unassessed
device.display,device,L2,显示,rollup,harmonyos,unknown,unreviewed,stub,not_started,unknown,0,3,0,21,unassessed,尚未逐条评估证据和适用范围,unassessed,unassessed
device.display.brightness,device.display,L3,亮度控制,leaf,android,unknown,unreviewed,stub,not_started,unknown,0,3,0,21,unassessed,尚未逐条评估证据和适用范围,unassessed,unassessed
device.display.brightness,device.display,L3,亮度控制,leaf,ios,unknown,unreviewed,stub,not_started,unknown,0,3,0,21,unassessed,尚未逐条评估证据和适用范围,unassessed,unassessed
device.display.brightness,device.display,L3,亮度控制,leaf,harmonyos,unknown,unreviewed,stub,not_started,unknown,0,3,0,21,unassessed,尚未逐条评估证据和适用范围,unassessed,unassessed
device.power,device,L2,电量,rollup,android,unknown,unreviewed,stub,not_started,unknown,0,3,0,21,unassessed,尚未逐条评估证据和适用范围,unassessed,unassessed
device.power,device,L2,电量,rollup,ios,unknown,unreviewed,stub,not_started,unknown,0,3,0,21,unassessed,尚未逐条评估证据和适用范围,unassessed,unassessed
device.power,device,L2,电量,rollup,harmonyos,unknown,unreviewed,stub,not_started,unknown,0,3,0,21,unassessed,尚未逐条评估证据和适用范围,unassessed,unassessed
device.power.battery,device.power,L3,电池状态,leaf,android,unknown,unreviewed,stub,not_started,unknown,0,3,0,21,unassessed,尚未逐条评估证据和适用范围,unassessed,unassessed
device.power.battery,device.power,L3,电池状态,leaf,ios,unknown,unreviewed,stub,not_started,unknown,0,3,0,21,unassessed,尚未逐条评估证据和适用范围,unassessed,unassessed
device.power.battery,device.power,L3,电池状态,leaf,harmonyos,unknown,unreviewed,stub,not_started,unknown,0,3,0,21,unassessed,尚未逐条评估证据和适用范围,unassessed,unassessed
distributed,,L1,分布式与多端,rollup,android,unknown,unreviewed,stub,not_started,unknown,0,3,0,21,unassessed,尚未逐条评估证据和适用范围,unassessed,unassessed
distributed,,L1,分布式与多端,rollup,ios,unknown,unreviewed,stub,not_started,unknown,0,3,0,21,unassessed,尚未逐条评估证据和适用范围,unassessed,unassessed
distributed,,L1,分布式与多端,rollup,harmonyos,unknown,unreviewed,stub,not_started,unknown,0,3,0,21,unassessed,尚未逐条评估证据和适用范围,unassessed,unassessed
distributed.continuity,distributed,L2,任务接续,rollup,android,unknown,unreviewed,stub,not_started,unknown,0,3,0,21,unassessed,尚未逐条评估证据和适用范围,unassessed,unassessed
distributed.continuity,distributed,L2,任务接续,rollup,ios,unknown,unreviewed,stub,not_started,unknown,0,3,0,21,unassessed,尚未逐条评估证据和适用范围,unassessed,unassessed
distributed.continuity,distributed,L2,任务接续,rollup,harmonyos,unknown,unreviewed,stub,not_started,unknown,0,3,0,21,unassessed,尚未逐条评估证据和适用范围,unassessed,unassessed
distributed.continuity.handoff,distributed.continuity,L3,跨设备接续,leaf,android,unknown,unreviewed,stub,not_started,unknown,0,3,0,21,unassessed,尚未逐条评估证据和适用范围,unassessed,unassessed
distributed.continuity.handoff,distributed.continuity,L3,跨设备接续,leaf,ios,unknown,unreviewed,stub,not_started,unknown,0,3,0,21,unassessed,尚未逐条评估证据和适用范围,unassessed,unassessed
distributed.continuity.handoff,distributed.continuity,L3,跨设备接续,leaf,harmonyos,unknown,unreviewed,stub,not_started,unknown,0,3,0,21,unassessed,尚未逐条评估证据和适用范围,unassessed,unassessed
distributed.nearby,distributed,L2,附近设备,rollup,android,unknown,unreviewed,stub,not_started,unknown,0,3,0,21,unassessed,尚未逐条评估证据和适用范围,unassessed,unassessed
distributed.nearby,distributed,L2,附近设备,rollup,ios,unknown,unreviewed,stub,not_started,unknown,0,3,0,21,unassessed,尚未逐条评估证据和适用范围,unassessed,unassessed
distributed.nearby,distributed,L2,附近设备,rollup,harmonyos,unknown,unreviewed,stub,not_started,unknown,0,3,0,21,unassessed,尚未逐条评估证据和适用范围,unassessed,unassessed
distributed.nearby.discovery,distributed.nearby,L3,附近发现,leaf,android,unknown,unreviewed,stub,not_started,unknown,0,3,0,21,unassessed,尚未逐条评估证据和适用范围,unassessed,unassessed
distributed.nearby.discovery,distributed.nearby,L3,附近发现,leaf,ios,unknown,unreviewed,stub,not_started,unknown,0,3,0,21,unassessed,尚未逐条评估证据和适用范围,unassessed,unassessed
distributed.nearby.discovery,distributed.nearby,L3,附近发现,leaf,harmonyos,unknown,unreviewed,stub,not_started,unknown,0,3,0,21,unassessed,尚未逐条评估证据和适用范围,unassessed,unassessed
distributed.softbus,distributed,L2,跨设备通信,rollup,android,unknown,unreviewed,stub,not_started,unknown,0,3,0,21,unassessed,尚未逐条评估证据和适用范围,unassessed,unassessed
distributed.softbus,distributed,L2,跨设备通信,rollup,ios,unknown,unreviewed,stub,not_started,unknown,0,3,0,21,unassessed,尚未逐条评估证据和适用范围,unassessed,unassessed
distributed.softbus,distributed,L2,跨设备通信,rollup,harmonyos,unknown,unreviewed,stub,not_started,unknown,0,3,0,21,unassessed,尚未逐条评估证据和适用范围,unassessed,unassessed
distributed.softbus.fabric,distributed.softbus,L3,跨设备调用与数据传输,leaf,android,unknown,unreviewed,draft,not_started,unknown,0,3,0,21,unassessed,尚未逐条评估证据和适用范围,unassessed,unassessed
distributed.softbus.fabric,distributed.softbus,L3,跨设备调用与数据传输,leaf,ios,unknown,unreviewed,draft,not_started,unknown,0,3,0,21,unassessed,尚未逐条评估证据和适用范围,unassessed,unassessed
distributed.softbus.fabric,distributed.softbus,L3,跨设备调用与数据传输,leaf,harmonyos,unknown,unreviewed,draft,not_started,unknown,0,3,0,21,unassessed,尚未逐条评估证据和适用范围,unassessed,unassessed
enterprise,,L1,企业与管理,rollup,android,unknown,unreviewed,stub,not_started,unknown,0,3,0,21,unassessed,尚未逐条评估证据和适用范围,unassessed,unassessed
enterprise,,L1,企业与管理,rollup,ios,unknown,unreviewed,stub,not_started,unknown,0,3,0,21,unassessed,尚未逐条评估证据和适用范围,unassessed,unassessed
enterprise,,L1,企业与管理,rollup,harmonyos,unknown,unreviewed,stub,not_started,unknown,0,3,0,21,unassessed,尚未逐条评估证据和适用范围,unassessed,unassessed
enterprise.mdm,enterprise,L2,设备管理,rollup,android,unknown,unreviewed,stub,not_started,unknown,0,3,0,21,unassessed,尚未逐条评估证据和适用范围,unassessed,unassessed
enterprise.mdm,enterprise,L2,设备管理,rollup,ios,unknown,unreviewed,stub,not_started,unknown,0,3,0,21,unassessed,尚未逐条评估证据和适用范围,unassessed,unassessed
enterprise.mdm,enterprise,L2,设备管理,rollup,harmonyos,unknown,unreviewed,stub,not_started,unknown,0,3,0,21,unassessed,尚未逐条评估证据和适用范围,unassessed,unassessed
enterprise.mdm.policy,enterprise.mdm,L3,管理策略,leaf,android,unknown,unreviewed,stub,not_started,unknown,0,3,0,21,unassessed,尚未逐条评估证据和适用范围,unassessed,unassessed
enterprise.mdm.policy,enterprise.mdm,L3,管理策略,leaf,ios,unknown,unreviewed,stub,not_started,unknown,0,3,0,21,unassessed,尚未逐条评估证据和适用范围,unassessed,unassessed
enterprise.mdm.policy,enterprise.mdm,L3,管理策略,leaf,harmonyos,unknown,unreviewed,stub,not_started,unknown,0,3,0,21,unassessed,尚未逐条评估证据和适用范围,unassessed,unassessed
enterprise.work_profile,enterprise,L2,工作资料,rollup,android,unknown,unreviewed,stub,not_started,unknown,0,3,0,21,unassessed,尚未逐条评估证据和适用范围,unassessed,unassessed
enterprise.work_profile,enterprise,L2,工作资料,rollup,ios,unknown,unreviewed,stub,not_started,unknown,0,3,0,21,unassessed,尚未逐条评估证据和适用范围,unassessed,unassessed
enterprise.work_profile,enterprise,L2,工作资料,rollup,harmonyos,unknown,unreviewed,stub,not_started,unknown,0,3,0,21,unassessed,尚未逐条评估证据和适用范围,unassessed,unassessed
enterprise.work_profile.isolation,enterprise.work_profile,L3,工作数据隔离,leaf,android,unknown,unreviewed,stub,not_started,unknown,0,3,0,21,unassessed,尚未逐条评估证据和适用范围,unassessed,unassessed
enterprise.work_profile.isolation,enterprise.work_profile,L3,工作数据隔离,leaf,ios,unknown,unreviewed,stub,not_started,unknown,0,3,0,21,unassessed,尚未逐条评估证据和适用范围,unassessed,unassessed
enterprise.work_profile.isolation,enterprise.work_profile,L3,工作数据隔离,leaf,harmonyos,unknown,unreviewed,stub,not_started,unknown,0,3,0,21,unassessed,尚未逐条评估证据和适用范围,unassessed,unassessed
graphics,,L1,图形与渲染,rollup,android,unknown,unreviewed,stub,not_started,unknown,0,3,0,21,unassessed,尚未逐条评估证据和适用范围,unassessed,unassessed
graphics,,L1,图形与渲染,rollup,ios,unknown,unreviewed,stub,not_started,unknown,0,3,0,21,unassessed,尚未逐条评估证据和适用范围,unassessed,unassessed
graphics,,L1,图形与渲染,rollup,harmonyos,unknown,unreviewed,stub,not_started,unknown,0,3,0,21,unassessed,尚未逐条评估证据和适用范围,unassessed,unassessed
graphics.2d,graphics,L2,二维绘制,rollup,android,unknown,unreviewed,stub,not_started,unknown,0,3,0,21,unassessed,尚未逐条评估证据和适用范围,unassessed,unassessed
graphics.2d,graphics,L2,二维绘制,rollup,ios,unknown,unreviewed,stub,not_started,unknown,0,3,0,21,unassessed,尚未逐条评估证据和适用范围,unassessed,unassessed
graphics.2d,graphics,L2,二维绘制,rollup,harmonyos,unknown,unreviewed,stub,not_started,unknown,0,3,0,21,unassessed,尚未逐条评估证据和适用范围,unassessed,unassessed
graphics.2d.canvas,graphics.2d,L3,画布绘制,leaf,android,unknown,unreviewed,stub,not_started,unknown,0,3,0,21,unassessed,尚未逐条评估证据和适用范围,unassessed,unassessed
graphics.2d.canvas,graphics.2d,L3,画布绘制,leaf,ios,unknown,unreviewed,stub,not_started,unknown,0,3,0,21,unassessed,尚未逐条评估证据和适用范围,unassessed,unassessed
graphics.2d.canvas,graphics.2d,L3,画布绘制,leaf,harmonyos,unknown,unreviewed,stub,not_started,unknown,0,3,0,21,unassessed,尚未逐条评估证据和适用范围,unassessed,unassessed
graphics.3d,graphics,L2,三维与GPU,rollup,android,unknown,unreviewed,stub,not_started,unknown,0,3,0,21,unassessed,尚未逐条评估证据和适用范围,unassessed,unassessed
graphics.3d,graphics,L2,三维与GPU,rollup,ios,unknown,unreviewed,stub,not_started,unknown,0,3,0,21,unassessed,尚未逐条评估证据和适用范围,unassessed,unassessed
graphics.3d,graphics,L2,三维与GPU,rollup,harmonyos,unknown,unreviewed,stub,not_started,unknown,0,3,0,21,unassessed,尚未逐条评估证据和适用范围,unassessed,unassessed
graphics.3d.gpu_api,graphics.3d,L3,现代GPU图形API,leaf,android,unknown,unreviewed,stub,not_started,unknown,0,3,0,21,unassessed,尚未逐条评估证据和适用范围,unassessed,unassessed
graphics.3d.gpu_api,graphics.3d,L3,现代GPU图形API,leaf,ios,unknown,unreviewed,stub,not_started,unknown,0,3,0,21,unassessed,尚未逐条评估证据和适用范围,unassessed,unassessed
graphics.3d.gpu_api,graphics.3d,L3,现代GPU图形API,leaf,harmonyos,unknown,unreviewed,stub,not_started,unknown,0,3,0,21,unassessed,尚未逐条评估证据和适用范围,unassessed,unassessed
graphics.capture,graphics,L2,截屏与录屏,rollup,android,unknown,unreviewed,stub,not_started,unknown,0,3,0,21,unassessed,尚未逐条评估证据和适用范围,unassessed,unassessed
graphics.capture,graphics,L2,截屏与录屏,rollup,ios,unknown,unreviewed,stub,not_started,unknown,0,3,0,21,unassessed,尚未逐条评估证据和适用范围,unassessed,unassessed
graphics.capture,graphics,L2,截屏与录屏,rollup,harmonyos,unknown,unreviewed,stub,not_started,unknown,0,3,0,21,unassessed,尚未逐条评估证据和适用范围,unassessed,unassessed
graphics.capture.screen_record,graphics.capture,L3,屏幕录制,leaf,android,unknown,unreviewed,stub,not_started,unknown,0,3,0,21,unassessed,尚未逐条评估证据和适用范围,unassessed,unassessed
graphics.capture.screen_record,graphics.capture,L3,屏幕录制,leaf,ios,unknown,unreviewed,stub,not_started,unknown,0,3,0,21,unassessed,尚未逐条评估证据和适用范围,unassessed,unassessed
graphics.capture.screen_record,graphics.capture,L3,屏幕录制,leaf,harmonyos,unknown,unreviewed,stub,not_started,unknown,0,3,0,21,unassessed,尚未逐条评估证据和适用范围,unassessed,unassessed
graphics.capture.screenshot,graphics.capture,L3,截屏,leaf,android,unknown,unreviewed,stub,not_started,unknown,0,3,0,21,unassessed,尚未逐条评估证据和适用范围,unassessed,unassessed
graphics.capture.screenshot,graphics.capture,L3,截屏,leaf,ios,unknown,unreviewed,stub,not_started,unknown,0,3,0,21,unassessed,尚未逐条评估证据和适用范围,unassessed,unassessed
graphics.capture.screenshot,graphics.capture,L3,截屏,leaf,harmonyos,unknown,unreviewed,stub,not_started,unknown,0,3,0,21,unassessed,尚未逐条评估证据和适用范围,unassessed,unassessed
health_home,,L1,健康运动家居车,rollup,android,unknown,unreviewed,stub,not_started,unknown,0,3,0,21,unassessed,尚未逐条评估证据和适用范围,unassessed,unassessed
health_home,,L1,健康运动家居车,rollup,ios,unknown,unreviewed,stub,not_started,unknown,0,3,0,21,unassessed,尚未逐条评估证据和适用范围,unassessed,unassessed
health_home,,L1,健康运动家居车,rollup,harmonyos,unknown,unreviewed,stub,not_started,unknown,0,3,0,21,unassessed,尚未逐条评估证据和适用范围,unassessed,unassessed
health_home.auto,health_home,L2,车载投影,rollup,android,unknown,unreviewed,stub,not_started,unknown,0,3,0,21,unassessed,尚未逐条评估证据和适用范围,unassessed,unassessed
health_home.auto,health_home,L2,车载投影,rollup,ios,unknown,unreviewed,stub,not_started,unknown,0,3,0,21,unassessed,尚未逐条评估证据和适用范围,unassessed,unassessed
health_home.auto,health_home,L2,车载投影,rollup,harmonyos,unknown,unreviewed,stub,not_started,unknown,0,3,0,21,unassessed,尚未逐条评估证据和适用范围,unassessed,unassessed
health_home.auto.projection,health_home.auto,L3,车机应用投影,leaf,android,unknown,unreviewed,stub,not_started,unknown,0,3,0,21,unassessed,尚未逐条评估证据和适用范围,unassessed,unassessed
health_home.auto.projection,health_home.auto,L3,车机应用投影,leaf,ios,unknown,unreviewed,stub,not_started,unknown,0,3,0,21,unassessed,尚未逐条评估证据和适用范围,unassessed,unassessed
health_home.auto.projection,health_home.auto,L3,车机应用投影,leaf,harmonyos,unknown,unreviewed,stub,not_started,unknown,0,3,0,21,unassessed,尚未逐条评估证据和适用范围,unassessed,unassessed
health_home.health,health_home,L2,健康数据,rollup,android,unknown,unreviewed,stub,not_started,unknown,0,3,0,21,unassessed,尚未逐条评估证据和适用范围,unassessed,unassessed
health_home.health,health_home,L2,健康数据,rollup,ios,unknown,unreviewed,stub,not_started,unknown,0,3,0,21,unassessed,尚未逐条评估证据和适用范围,unassessed,unassessed
health_home.health,health_home,L2,健康数据,rollup,harmonyos,unknown,unreviewed,stub,not_started,unknown,0,3,0,21,unassessed,尚未逐条评估证据和适用范围,unassessed,unassessed
health_home.health.records,health_home.health,L3,健康记录,leaf,android,unknown,unreviewed,stub,not_started,unknown,0,3,0,21,unassessed,尚未逐条评估证据和适用范围,unassessed,unassessed
health_home.health.records,health_home.health,L3,健康记录,leaf,ios,unknown,unreviewed,stub,not_started,unknown,0,3,0,21,unassessed,尚未逐条评估证据和适用范围,unassessed,unassessed
health_home.health.records,health_home.health,L3,健康记录,leaf,harmonyos,unknown,unreviewed,stub,not_started,unknown,0,3,0,21,unassessed,尚未逐条评估证据和适用范围,unassessed,unassessed
health_home.home,health_home,L2,智能家居,rollup,android,unknown,unreviewed,stub,not_started,unknown,0,3,0,21,unassessed,尚未逐条评估证据和适用范围,unassessed,unassessed
health_home.home,health_home,L2,智能家居,rollup,ios,unknown,unreviewed,stub,not_started,unknown,0,3,0,21,unassessed,尚未逐条评估证据和适用范围,unassessed,unassessed
health_home.home,health_home,L2,智能家居,rollup,harmonyos,unknown,unreviewed,stub,not_started,unknown,0,3,0,21,unassessed,尚未逐条评估证据和适用范围,unassessed,unassessed
health_home.home.accessories,health_home.home,L3,家居配件控制,leaf,android,unknown,unreviewed,stub,not_started,unknown,0,3,0,21,unassessed,尚未逐条评估证据和适用范围,unassessed,unassessed
health_home.home.accessories,health_home.home,L3,家居配件控制,leaf,ios,unknown,unreviewed,stub,not_started,unknown,0,3,0,21,unassessed,尚未逐条评估证据和适用范围,unassessed,unassessed
health_home.home.accessories,health_home.home,L3,家居配件控制,leaf,harmonyos,unknown,unreviewed,stub,not_started,unknown,0,3,0,21,unassessed,尚未逐条评估证据和适用范围,unassessed,unassessed
identity,,L1,身份与账号,rollup,android,unknown,unreviewed,stub,not_started,unknown,0,3,0,21,unassessed,尚未逐条评估证据和适用范围,unassessed,unassessed
identity,,L1,身份与账号,rollup,ios,unknown,unreviewed,stub,not_started,unknown,0,3,0,21,unassessed,尚未逐条评估证据和适用范围,unassessed,unassessed
identity,,L1,身份与账号,rollup,harmonyos,unknown,unreviewed,stub,not_started,unknown,0,3,0,21,unassessed,尚未逐条评估证据和适用范围,unassessed,unassessed
identity.federated,identity,L2,联邦登录,rollup,android,unknown,unreviewed,stub,not_started,unknown,0,3,0,21,unassessed,尚未逐条评估证据和适用范围,unassessed,unassessed
identity.federated,identity,L2,联邦登录,rollup,ios,unknown,unreviewed,stub,not_started,unknown,0,3,0,21,unassessed,尚未逐条评估证据和适用范围,unassessed,unassessed
identity.federated,identity,L2,联邦登录,rollup,harmonyos,unknown,unreviewed,stub,not_started,unknown,0,3,0,21,unassessed,尚未逐条评估证据和适用范围,unassessed,unassessed
identity.federated.platform_sign_in,identity.federated,L3,平台账号登录,leaf,android,unknown,unreviewed,stub,not_started,unknown,0,3,0,21,unassessed,尚未逐条评估证据和适用范围,unassessed,unassessed
identity.federated.platform_sign_in,identity.federated,L3,平台账号登录,leaf,ios,unknown,unreviewed,stub,not_started,unknown,0,3,0,21,unassessed,尚未逐条评估证据和适用范围,unassessed,unassessed
identity.federated.platform_sign_in,identity.federated,L3,平台账号登录,leaf,harmonyos,unknown,unreviewed,stub,not_started,unknown,0,3,0,21,unassessed,尚未逐条评估证据和适用范围,unassessed,unassessed
identity.system_account,identity,L2,系统账号,rollup,android,unknown,unreviewed,stub,not_started,unknown,0,3,0,21,unassessed,尚未逐条评估证据和适用范围,unassessed,unassessed
identity.system_account,identity,L2,系统账号,rollup,ios,unknown,unreviewed,stub,not_started,unknown,0,3,0,21,unassessed,尚未逐条评估证据和适用范围,unassessed,unassessed
identity.system_account,identity,L2,系统账号,rollup,harmonyos,unknown,unreviewed,stub,not_started,unknown,0,3,0,21,unassessed,尚未逐条评估证据和适用范围,unassessed,unassessed
identity.system_account.manager,identity.system_account,L3,账号管理,leaf,android,unknown,unreviewed,stub,not_started,unknown,0,3,0,21,unassessed,尚未逐条评估证据和适用范围,unassessed,unassessed
identity.system_account.manager,identity.system_account,L3,账号管理,leaf,ios,unknown,unreviewed,stub,not_started,unknown,0,3,0,21,unassessed,尚未逐条评估证据和适用范围,unassessed,unassessed
identity.system_account.manager,identity.system_account,L3,账号管理,leaf,harmonyos,unknown,unreviewed,stub,not_started,unknown,0,3,0,21,unassessed,尚未逐条评估证据和适用范围,unassessed,unassessed
input,,L1,输入与文本,rollup,android,unknown,unreviewed,stub,not_started,unknown,0,3,0,21,unassessed,尚未逐条评估证据和适用范围,unassessed,unassessed
input,,L1,输入与文本,rollup,ios,unknown,unreviewed,stub,not_started,unknown,0,3,0,21,unassessed,尚未逐条评估证据和适用范围,unassessed,unassessed
input,,L1,输入与文本,rollup,harmonyos,unknown,unreviewed,stub,not_started,unknown,0,3,0,21,unassessed,尚未逐条评估证据和适用范围,unassessed,unassessed
input.clipboard,input,L2,剪贴板,rollup,android,unknown,unreviewed,stub,not_started,unknown,0,3,0,21,unassessed,尚未逐条评估证据和适用范围,unassessed,unassessed
input.clipboard,input,L2,剪贴板,rollup,ios,unknown,unreviewed,stub,not_started,unknown,0,3,0,21,unassessed,尚未逐条评估证据和适用范围,unassessed,unassessed
input.clipboard,input,L2,剪贴板,rollup,harmonyos,unknown,unreviewed,stub,not_started,unknown,0,3,0,21,unassessed,尚未逐条评估证据和适用范围,unassessed,unassessed
input.clipboard.read_write,input.clipboard,L3,剪贴板读写,leaf,android,unknown,unreviewed,stub,not_started,unknown,0,3,0,21,unassessed,尚未逐条评估证据和适用范围,unassessed,unassessed
input.clipboard.read_write,input.clipboard,L3,剪贴板读写,leaf,ios,unknown,unreviewed,stub,not_started,unknown,0,3,0,21,unassessed,尚未逐条评估证据和适用范围,unassessed,unassessed
input.clipboard.read_write,input.clipboard,L3,剪贴板读写,leaf,harmonyos,unknown,unreviewed,stub,not_started,unknown,0,3,0,21,unassessed,尚未逐条评估证据和适用范围,unassessed,unassessed
input.dragdrop,input,L2,拖放,rollup,android,unknown,unreviewed,stub,not_started,unknown,0,3,0,21,unassessed,尚未逐条评估证据和适用范围,unassessed,unassessed
input.dragdrop,input,L2,拖放,rollup,ios,unknown,unreviewed,stub,not_started,unknown,0,3,0,21,unassessed,尚未逐条评估证据和适用范围,unassessed,unassessed
input.dragdrop,input,L2,拖放,rollup,harmonyos,unknown,unreviewed,stub,not_started,unknown,0,3,0,21,unassessed,尚未逐条评估证据和适用范围,unassessed,unassessed
input.dragdrop.cross_app,input.dragdrop,L3,跨应用拖放,leaf,android,unknown,unreviewed,stub,not_started,unknown,0,3,0,21,unassessed,尚未逐条评估证据和适用范围,unassessed,unassessed
input.dragdrop.cross_app,input.dragdrop,L3,跨应用拖放,leaf,ios,unknown,unreviewed,stub,not_started,unknown,0,3,0,21,unassessed,尚未逐条评估证据和适用范围,unassessed,unassessed
input.dragdrop.cross_app,input.dragdrop,L3,跨应用拖放,leaf,harmonyos,unknown,unreviewed,stub,not_started,unknown,0,3,0,21,unassessed,尚未逐条评估证据和适用范围,unassessed,unassessed
input.ime,input,L2,输入法,rollup,android,unknown,unreviewed,stub,not_started,unknown,0,3,0,21,unassessed,尚未逐条评估证据和适用范围,unassessed,unassessed
input.ime,input,L2,输入法,rollup,ios,unknown,unreviewed,stub,not_started,unknown,0,3,0,21,unassessed,尚未逐条评估证据和适用范围,unassessed,unassessed
input.ime,input,L2,输入法,rollup,harmonyos,unknown,unreviewed,stub,not_started,unknown,0,3,0,21,unassessed,尚未逐条评估证据和适用范围,unassessed,unassessed
input.ime.framework,input.ime,L3,输入法框架,leaf,android,unknown,unreviewed,stub,not_started,unknown,0,3,0,21,unassessed,尚未逐条评估证据和适用范围,unassessed,unassessed
input.ime.framework,input.ime,L3,输入法框架,leaf,ios,unknown,unreviewed,stub,not_started,unknown,0,3,0,21,unassessed,尚未逐条评估证据和适用范围,unassessed,unassessed
input.ime.framework,input.ime,L3,输入法框架,leaf,harmonyos,unknown,unreviewed,stub,not_started,unknown,0,3,0,21,unassessed,尚未逐条评估证据和适用范围,unassessed,unassessed
input.touch,input,L2,触控与手势,rollup,android,unknown,unreviewed,stub,not_started,unknown,0,3,0,21,unassessed,尚未逐条评估证据和适用范围,unassessed,unassessed
input.touch,input,L2,触控与手势,rollup,ios,unknown,unreviewed,stub,not_started,unknown,0,3,0,21,unassessed,尚未逐条评估证据和适用范围,unassessed,unassessed
input.touch,input,L2,触控与手势,rollup,harmonyos,unknown,unreviewed,stub,not_started,unknown,0,3,0,21,unassessed,尚未逐条评估证据和适用范围,unassessed,unassessed
input.touch.gestures,input.touch,L3,手势识别,leaf,android,unknown,unreviewed,stub,not_started,unknown,0,3,0,21,unassessed,尚未逐条评估证据和适用范围,unassessed,unassessed
input.touch.gestures,input.touch,L3,手势识别,leaf,ios,unknown,unreviewed,stub,not_started,unknown,0,3,0,21,unassessed,尚未逐条评估证据和适用范围,unassessed,unassessed
input.touch.gestures,input.touch,L3,手势识别,leaf,harmonyos,unknown,unreviewed,stub,not_started,unknown,0,3,0,21,unassessed,尚未逐条评估证据和适用范围,unassessed,unassessed
interop,,L1,跨应用协作,rollup,android,unknown,unreviewed,stub,not_started,unknown,0,3,0,21,unassessed,尚未逐条评估证据和适用范围,unassessed,unassessed
interop,,L1,跨应用协作,rollup,ios,unknown,unreviewed,stub,not_started,unknown,0,3,0,21,unassessed,尚未逐条评估证据和适用范围,unassessed,unassessed
interop,,L1,跨应用协作,rollup,harmonyos,unknown,unreviewed,stub,not_started,unknown,0,3,0,21,unassessed,尚未逐条评估证据和适用范围,unassessed,unassessed
interop.action_dispatch,interop,L2,跨应用动作分发,rollup,android,unknown,unreviewed,stub,not_started,unknown,0,3,0,21,unassessed,尚未逐条评估证据和适用范围,unassessed,unassessed
interop.action_dispatch,interop,L2,跨应用动作分发,rollup,ios,unknown,unreviewed,stub,not_started,unknown,0,3,0,21,unassessed,尚未逐条评估证据和适用范围,unassessed,unassessed
interop.action_dispatch,interop,L2,跨应用动作分发,rollup,harmonyos,unknown,unreviewed,stub,not_started,unknown,0,3,0,21,unassessed,尚未逐条评估证据和适用范围,unassessed,unassessed
interop.action_dispatch.component_intent,interop.action_dispatch,L3,目标组件调用,leaf,android,unknown,in_review,draft,in_progress,unknown,0,3,0,21,unassessed,尚未逐条评估证据和适用范围,unassessed,unassessed
interop.action_dispatch.component_intent,interop.action_dispatch,L3,目标组件调用,leaf,ios,unknown,unreviewed,draft,in_progress,unknown,0,3,0,21,unassessed,尚未逐条评估证据和适用范围,unassessed,unassessed
interop.action_dispatch.component_intent,interop.action_dispatch,L3,目标组件调用,leaf,harmonyos,unknown,in_review,draft,in_progress,unknown,0,3,0,21,unassessed,尚未逐条评估证据和适用范围,unassessed,unassessed
interop.action_dispatch.system_intents,interop.action_dispatch,L3,系统意图注册,leaf,android,unknown,unreviewed,stub,not_started,unknown,0,3,0,21,unassessed,尚未逐条评估证据和适用范围,unassessed,unassessed
interop.action_dispatch.system_intents,interop.action_dispatch,L3,系统意图注册,leaf,ios,unknown,unreviewed,stub,not_started,unknown,0,3,0,21,unassessed,尚未逐条评估证据和适用范围,unassessed,unassessed
interop.action_dispatch.system_intents,interop.action_dispatch,L3,系统意图注册,leaf,harmonyos,unknown,unreviewed,stub,not_started,unknown,0,3,0,21,unassessed,尚未逐条评估证据和适用范围,unassessed,unassessed
interop.action_dispatch.url_launch,interop.action_dispatch,L3,URL拉起应用,leaf,android,unknown,unreviewed,stub,not_started,unknown,0,3,0,21,unassessed,尚未逐条评估证据和适用范围,unassessed,unassessed
interop.action_dispatch.url_launch,interop.action_dispatch,L3,URL拉起应用,leaf,ios,unknown,unreviewed,stub,not_started,unknown,0,3,0,21,unassessed,尚未逐条评估证据和适用范围,unassessed,unassessed
interop.action_dispatch.url_launch,interop.action_dispatch,L3,URL拉起应用,leaf,harmonyos,unknown,unreviewed,stub,not_started,unknown,0,3,0,21,unassessed,尚未逐条评估证据和适用范围,unassessed,unassessed
interop.deeplink,interop,L2,深度链接,rollup,android,unknown,unreviewed,stub,not_started,unknown,0,3,0,21,unassessed,尚未逐条评估证据和适用范围,unassessed,unassessed
interop.deeplink,interop,L2,深度链接,rollup,ios,unknown,unreviewed,stub,not_started,unknown,0,3,0,21,unassessed,尚未逐条评估证据和适用范围,unassessed,unassessed
interop.deeplink,interop,L2,深度链接,rollup,harmonyos,unknown,unreviewed,stub,not_started,unknown,0,3,0,21,unassessed,尚未逐条评估证据和适用范围,unassessed,unassessed
interop.deeplink.url,interop.deeplink,L3,URL深度链接,leaf,android,unknown,unreviewed,stub,not_started,unknown,0,3,0,21,unassessed,尚未逐条评估证据和适用范围,unassessed,unassessed
interop.deeplink.url,interop.deeplink,L3,URL深度链接,leaf,ios,unknown,unreviewed,stub,not_started,unknown,0,3,0,21,unassessed,尚未逐条评估证据和适用范围,unassessed,unassessed
interop.deeplink.url,interop.deeplink,L3,URL深度链接,leaf,harmonyos,unknown,unreviewed,stub,not_started,unknown,0,3,0,21,unassessed,尚未逐条评估证据和适用范围,unassessed,unassessed
interop.share,interop,L2,系统分享,rollup,android,unknown,unreviewed,stub,not_started,unknown,0,3,0,21,unassessed,尚未逐条评估证据和适用范围,unassessed,unassessed
interop.share,interop,L2,系统分享,rollup,ios,unknown,unreviewed,stub,not_started,unknown,0,3,0,21,unassessed,尚未逐条评估证据和适用范围,unassessed,unassessed
interop.share,interop,L2,系统分享,rollup,harmonyos,unknown,unreviewed,stub,not_started,unknown,0,3,0,21,unassessed,尚未逐条评估证据和适用范围,unassessed,unassessed
interop.share.sheet,interop.share,L3,分享面板,leaf,android,unknown,unreviewed,stub,not_started,unknown,0,3,0,21,unassessed,尚未逐条评估证据和适用范围,unassessed,unassessed
interop.share.sheet,interop.share,L3,分享面板,leaf,ios,unknown,unreviewed,stub,not_started,unknown,0,3,0,21,unassessed,尚未逐条评估证据和适用范围,unassessed,unassessed
interop.share.sheet,interop.share,L3,分享面板,leaf,harmonyos,unknown,unreviewed,stub,not_started,unknown,0,3,0,21,unassessed,尚未逐条评估证据和适用范围,unassessed,unassessed
location,,L1,位置与地理,rollup,android,unknown,unreviewed,stub,not_started,unknown,0,3,0,21,unassessed,尚未逐条评估证据和适用范围,unassessed,unassessed
location,,L1,位置与地理,rollup,ios,unknown,unreviewed,stub,not_started,unknown,0,3,0,21,unassessed,尚未逐条评估证据和适用范围,unassessed,unassessed
location,,L1,位置与地理,rollup,harmonyos,unknown,unreviewed,stub,not_started,unknown,0,3,0,21,unassessed,尚未逐条评估证据和适用范围,unassessed,unassessed
location.geofence,location,L2,地理围栏,rollup,android,unknown,unreviewed,stub,not_started,unknown,0,3,0,21,unassessed,尚未逐条评估证据和适用范围,unassessed,unassessed
location.geofence,location,L2,地理围栏,rollup,ios,unknown,unreviewed,stub,not_started,unknown,0,3,0,21,unassessed,尚未逐条评估证据和适用范围,unassessed,unassessed
location.geofence,location,L2,地理围栏,rollup,harmonyos,unknown,unreviewed,stub,not_started,unknown,0,3,0,21,unassessed,尚未逐条评估证据和适用范围,unassessed,unassessed
location.geofence.region,location.geofence,L3,区域围栏,leaf,android,unknown,unreviewed,stub,not_started,unknown,0,3,0,21,unassessed,尚未逐条评估证据和适用范围,unassessed,unassessed
location.geofence.region,location.geofence,L3,区域围栏,leaf,ios,unknown,unreviewed,stub,not_started,unknown,0,3,0,21,unassessed,尚未逐条评估证据和适用范围,unassessed,unassessed
location.geofence.region,location.geofence,L3,区域围栏,leaf,harmonyos,unknown,unreviewed,stub,not_started,unknown,0,3,0,21,unassessed,尚未逐条评估证据和适用范围,unassessed,unassessed
location.maps,location,L2,地图展示,rollup,android,unknown,unreviewed,stub,not_started,unknown,0,3,0,21,unassessed,尚未逐条评估证据和适用范围,unassessed,unassessed
location.maps,location,L2,地图展示,rollup,ios,unknown,unreviewed,stub,not_started,unknown,0,3,0,21,unassessed,尚未逐条评估证据和适用范围,unassessed,unassessed
location.maps,location,L2,地图展示,rollup,harmonyos,unknown,unreviewed,stub,not_started,unknown,0,3,0,21,unassessed,尚未逐条评估证据和适用范围,unassessed,unassessed
location.maps.sdk,location.maps,L3,地图SDK,leaf,android,unknown,unreviewed,stub,not_started,unknown,0,3,0,21,unassessed,尚未逐条评估证据和适用范围,unassessed,unassessed
location.maps.sdk,location.maps,L3,地图SDK,leaf,ios,unknown,unreviewed,stub,not_started,unknown,0,3,0,21,unassessed,尚未逐条评估证据和适用范围,unassessed,unassessed
location.maps.sdk,location.maps,L3,地图SDK,leaf,harmonyos,unknown,unreviewed,stub,not_started,unknown,0,3,0,21,unassessed,尚未逐条评估证据和适用范围,unassessed,unassessed
location.positioning,location,L2,定位,rollup,android,unknown,unreviewed,stub,not_started,unknown,0,3,0,21,unassessed,尚未逐条评估证据和适用范围,unassessed,unassessed
location.positioning,location,L2,定位,rollup,ios,unknown,unreviewed,stub,not_started,unknown,0,3,0,21,unassessed,尚未逐条评估证据和适用范围,unassessed,unassessed
location.positioning,location,L2,定位,rollup,harmonyos,unknown,unreviewed,stub,not_started,unknown,0,3,0,21,unassessed,尚未逐条评估证据和适用范围,unassessed,unassessed
location.positioning.background,location.positioning,L3,后台定位,leaf,android,unknown,unreviewed,draft,not_started,unknown,0,3,0,21,unassessed,尚未逐条评估证据和适用范围,unassessed,unassessed
location.positioning.background,location.positioning,L3,后台定位,leaf,ios,unknown,unreviewed,draft,not_started,unknown,0,3,0,21,unassessed,尚未逐条评估证据和适用范围,unassessed,unassessed
location.positioning.background,location.positioning,L3,后台定位,leaf,harmonyos,unknown,unreviewed,draft,not_started,unknown,0,3,0,21,unassessed,尚未逐条评估证据和适用范围,unassessed,unassessed
location.positioning.foreground,location.positioning,L3,前台定位,leaf,android,unknown,unreviewed,stub,not_started,unknown,0,3,0,21,unassessed,尚未逐条评估证据和适用范围,unassessed,unassessed
location.positioning.foreground,location.positioning,L3,前台定位,leaf,ios,unknown,unreviewed,stub,not_started,unknown,0,3,0,21,unassessed,尚未逐条评估证据和适用范围,unassessed,unassessed
location.positioning.foreground,location.positioning,L3,前台定位,leaf,harmonyos,unknown,unreviewed,stub,not_started,unknown,0,3,0,21,unassessed,尚未逐条评估证据和适用范围,unassessed,unassessed
media,,L1,媒体,rollup,android,unknown,unreviewed,stub,not_started,unknown,0,3,0,21,unassessed,尚未逐条评估证据和适用范围,unassessed,unassessed
media,,L1,媒体,rollup,ios,unknown,unreviewed,stub,not_started,unknown,0,3,0,21,unassessed,尚未逐条评估证据和适用范围,unassessed,unassessed
media,,L1,媒体,rollup,harmonyos,unknown,unreviewed,stub,not_started,unknown,0,3,0,21,unassessed,尚未逐条评估证据和适用范围,unassessed,unassessed
media.capture,media,L2,媒体采集,rollup,android,unknown,unreviewed,stub,not_started,unknown,0,3,0,21,unassessed,尚未逐条评估证据和适用范围,unassessed,unassessed
media.capture,media,L2,媒体采集,rollup,ios,unknown,unreviewed,stub,not_started,unknown,0,3,0,21,unassessed,尚未逐条评估证据和适用范围,unassessed,unassessed
media.capture,media,L2,媒体采集,rollup,harmonyos,unknown,unreviewed,stub,not_started,unknown,0,3,0,21,unassessed,尚未逐条评估证据和适用范围,unassessed,unassessed
media.capture.camera,media.capture,L3,相机捕获管线,leaf,android,unknown,unreviewed,draft,not_started,unknown,0,3,0,21,unassessed,尚未逐条评估证据和适用范围,unassessed,unassessed
media.capture.camera,media.capture,L3,相机捕获管线,leaf,ios,unknown,unreviewed,draft,not_started,unknown,0,3,0,21,unassessed,尚未逐条评估证据和适用范围,unassessed,unassessed
media.capture.camera,media.capture,L3,相机捕获管线,leaf,harmonyos,unknown,unreviewed,draft,not_started,unknown,0,3,0,21,unassessed,尚未逐条评估证据和适用范围,unassessed,unassessed
media.capture.microphone,media.capture,L3,麦克风录音,leaf,android,unknown,unreviewed,stub,not_started,unknown,0,3,0,21,unassessed,尚未逐条评估证据和适用范围,unassessed,unassessed
media.capture.microphone,media.capture,L3,麦克风录音,leaf,ios,unknown,unreviewed,stub,not_started,unknown,0,3,0,21,unassessed,尚未逐条评估证据和适用范围,unassessed,unassessed
media.capture.microphone,media.capture,L3,麦克风录音,leaf,harmonyos,unknown,unreviewed,stub,not_started,unknown,0,3,0,21,unassessed,尚未逐条评估证据和适用范围,unassessed,unassessed
media.codec,media,L2,编解码,rollup,android,unknown,unreviewed,stub,not_started,unknown,0,3,0,21,unassessed,尚未逐条评估证据和适用范围,unassessed,unassessed
media.codec,media,L2,编解码,rollup,ios,unknown,unreviewed,stub,not_started,unknown,0,3,0,21,unassessed,尚未逐条评估证据和适用范围,unassessed,unassessed
media.codec,media,L2,编解码,rollup,harmonyos,unknown,unreviewed,stub,not_started,unknown,0,3,0,21,unassessed,尚未逐条评估证据和适用范围,unassessed,unassessed
media.codec.hardware,media.codec,L3,硬件编解码,leaf,android,unknown,unreviewed,stub,not_started,unknown,0,3,0,21,unassessed,尚未逐条评估证据和适用范围,unassessed,unassessed
media.codec.hardware,media.codec,L3,硬件编解码,leaf,ios,unknown,unreviewed,stub,not_started,unknown,0,3,0,21,unassessed,尚未逐条评估证据和适用范围,unassessed,unassessed
media.codec.hardware,media.codec,L3,硬件编解码,leaf,harmonyos,unknown,unreviewed,stub,not_started,unknown,0,3,0,21,unassessed,尚未逐条评估证据和适用范围,unassessed,unassessed
media.library,media,L2,媒体库,rollup,android,unknown,unreviewed,stub,not_started,unknown,0,3,0,21,unassessed,尚未逐条评估证据和适用范围,unassessed,unassessed
media.library,media,L2,媒体库,rollup,ios,unknown,unreviewed,stub,not_started,unknown,0,3,0,21,unassessed,尚未逐条评估证据和适用范围,unassessed,unassessed
media.library,media,L2,媒体库,rollup,harmonyos,unknown,unreviewed,stub,not_started,unknown,0,3,0,21,unassessed,尚未逐条评估证据和适用范围,unassessed,unassessed
media.library.picker,media.library,L3,系统媒体选择器,leaf,android,unknown,unreviewed,stub,not_started,unknown,0,3,0,21,unassessed,尚未逐条评估证据和适用范围,unassessed,unassessed
media.library.picker,media.library,L3,系统媒体选择器,leaf,ios,unknown,unreviewed,stub,not_started,unknown,0,3,0,21,unassessed,尚未逐条评估证据和适用范围,unassessed,unassessed
media.library.picker,media.library,L3,系统媒体选择器,leaf,harmonyos,unknown,unreviewed,stub,not_started,unknown,0,3,0,21,unassessed,尚未逐条评估证据和适用范围,unassessed,unassessed
media.playback,media,L2,媒体播放,rollup,android,unknown,unreviewed,stub,not_started,unknown,0,3,0,21,unassessed,尚未逐条评估证据和适用范围,unassessed,unassessed
media.playback,media,L2,媒体播放,rollup,ios,unknown,unreviewed,stub,not_started,unknown,0,3,0,21,unassessed,尚未逐条评估证据和适用范围,unassessed,unassessed
media.playback,media,L2,媒体播放,rollup,harmonyos,unknown,unreviewed,stub,not_started,unknown,0,3,0,21,unassessed,尚未逐条评估证据和适用范围,unassessed,unassessed
media.playback.audio,media.playback,L3,音频播放,leaf,android,unknown,unreviewed,stub,not_started,unknown,0,3,0,21,unassessed,尚未逐条评估证据和适用范围,unassessed,unassessed
media.playback.audio,media.playback,L3,音频播放,leaf,ios,unknown,unreviewed,stub,not_started,unknown,0,3,0,21,unassessed,尚未逐条评估证据和适用范围,unassessed,unassessed
media.playback.audio,media.playback,L3,音频播放,leaf,harmonyos,unknown,unreviewed,stub,not_started,unknown,0,3,0,21,unassessed,尚未逐条评估证据和适用范围,unassessed,unassessed
media.playback.video,media.playback,L3,视频播放,leaf,android,unknown,unreviewed,stub,not_started,unknown,0,3,0,21,unassessed,尚未逐条评估证据和适用范围,unassessed,unassessed
media.playback.video,media.playback,L3,视频播放,leaf,ios,unknown,unreviewed,stub,not_started,unknown,0,3,0,21,unassessed,尚未逐条评估证据和适用范围,unassessed,unassessed
media.playback.video,media.playback,L3,视频播放,leaf,harmonyos,unknown,unreviewed,stub,not_started,unknown,0,3,0,21,unassessed,尚未逐条评估证据和适用范围,unassessed,unassessed
network,,L1,网络,rollup,android,unknown,unreviewed,stub,not_started,unknown,0,3,0,21,unassessed,尚未逐条评估证据和适用范围,unassessed,unassessed
network,,L1,网络,rollup,ios,unknown,unreviewed,stub,not_started,unknown,0,3,0,21,unassessed,尚未逐条评估证据和适用范围,unassessed,unassessed
network,,L1,网络,rollup,harmonyos,unknown,unreviewed,stub,not_started,unknown,0,3,0,21,unassessed,尚未逐条评估证据和适用范围,unassessed,unassessed
network.hotspot,network,L2,热点与网络共享,rollup,android,unknown,unreviewed,stub,not_started,unknown,0,3,0,21,unassessed,尚未逐条评估证据和适用范围,unassessed,unassessed
network.hotspot,network,L2,热点与网络共享,rollup,ios,unknown,unreviewed,stub,not_started,unknown,0,3,0,21,unassessed,尚未逐条评估证据和适用范围,unassessed,unassessed
network.hotspot,network,L2,热点与网络共享,rollup,harmonyos,unknown,unreviewed,stub,not_started,unknown,0,3,0,21,unassessed,尚未逐条评估证据和适用范围,unassessed,unassessed
network.hotspot.local,network.hotspot,L3,本地热点,leaf,android,unknown,unreviewed,stub,not_started,unknown,0,3,0,21,unassessed,尚未逐条评估证据和适用范围,unassessed,unassessed
network.hotspot.local,network.hotspot,L3,本地热点,leaf,ios,unknown,unreviewed,stub,not_started,unknown,0,3,0,21,unassessed,尚未逐条评估证据和适用范围,unassessed,unassessed
network.hotspot.local,network.hotspot,L3,本地热点,leaf,harmonyos,unknown,unreviewed,stub,not_started,unknown,0,3,0,21,unassessed,尚未逐条评估证据和适用范围,unassessed,unassessed
network.http,network,L2,HTTP客户端,rollup,android,unknown,unreviewed,stub,not_started,unknown,0,3,0,21,unassessed,尚未逐条评估证据和适用范围,unassessed,unassessed
network.http,network,L2,HTTP客户端,rollup,ios,unknown,unreviewed,stub,not_started,unknown,0,3,0,21,unassessed,尚未逐条评估证据和适用范围,unassessed,unassessed
network.http,network,L2,HTTP客户端,rollup,harmonyos,unknown,unreviewed,stub,not_started,unknown,0,3,0,21,unassessed,尚未逐条评估证据和适用范围,unassessed,unassessed
network.http.client,network.http,L3,HTTP请求,leaf,android,unknown,unreviewed,stub,not_started,unknown,0,3,0,21,unassessed,尚未逐条评估证据和适用范围,unassessed,unassessed
network.http.client,network.http,L3,HTTP请求,leaf,ios,unknown,unreviewed,stub,not_started,unknown,0,3,0,21,unassessed,尚未逐条评估证据和适用范围,unassessed,unassessed
network.http.client,network.http,L3,HTTP请求,leaf,harmonyos,unknown,unreviewed,stub,not_started,unknown,0,3,0,21,unassessed,尚未逐条评估证据和适用范围,unassessed,unassessed
network.socket,network,L2,套接字,rollup,android,unknown,unreviewed,stub,not_started,unknown,0,3,0,21,unassessed,尚未逐条评估证据和适用范围,unassessed,unassessed
network.socket,network,L2,套接字,rollup,ios,unknown,unreviewed,stub,not_started,unknown,0,3,0,21,unassessed,尚未逐条评估证据和适用范围,unassessed,unassessed
network.socket,network,L2,套接字,rollup,harmonyos,unknown,unreviewed,stub,not_started,unknown,0,3,0,21,unassessed,尚未逐条评估证据和适用范围,unassessed,unassessed
network.socket.tcp_udp,network.socket,L3,TCP与UDP,leaf,android,unknown,unreviewed,stub,not_started,unknown,0,3,0,21,unassessed,尚未逐条评估证据和适用范围,unassessed,unassessed
network.socket.tcp_udp,network.socket,L3,TCP与UDP,leaf,ios,unknown,unreviewed,stub,not_started,unknown,0,3,0,21,unassessed,尚未逐条评估证据和适用范围,unassessed,unassessed
network.socket.tcp_udp,network.socket,L3,TCP与UDP,leaf,harmonyos,unknown,unreviewed,stub,not_started,unknown,0,3,0,21,unassessed,尚未逐条评估证据和适用范围,unassessed,unassessed
network.vpn,network,L2,VPN,rollup,android,unknown,unreviewed,stub,not_started,unknown,0,3,0,21,unassessed,尚未逐条评估证据和适用范围,unassessed,unassessed
network.vpn,network,L2,VPN,rollup,ios,unknown,unreviewed,stub,not_started,unknown,0,3,0,21,unassessed,尚未逐条评估证据和适用范围,unassessed,unassessed
network.vpn,network,L2,VPN,rollup,harmonyos,unknown,unreviewed,stub,not_started,unknown,0,3,0,21,unassessed,尚未逐条评估证据和适用范围,unassessed,unassessed
network.vpn.app_vpn,network.vpn,L3,应用VPN扩展,leaf,android,unknown,unreviewed,stub,not_started,unknown,0,3,0,21,unassessed,尚未逐条评估证据和适用范围,unassessed,unassessed
network.vpn.app_vpn,network.vpn,L3,应用VPN扩展,leaf,ios,unknown,unreviewed,stub,not_started,unknown,0,3,0,21,unassessed,尚未逐条评估证据和适用范围,unassessed,unassessed
network.vpn.app_vpn,network.vpn,L3,应用VPN扩展,leaf,harmonyos,unknown,unreviewed,stub,not_started,unknown,0,3,0,21,unassessed,尚未逐条评估证据和适用范围,unassessed,unassessed
notifications,,L1,通知与推送,rollup,android,unknown,unreviewed,stub,not_started,unknown,0,3,0,21,unassessed,尚未逐条评估证据和适用范围,unassessed,unassessed
notifications,,L1,通知与推送,rollup,ios,unknown,unreviewed,stub,not_started,unknown,0,3,0,21,unassessed,尚未逐条评估证据和适用范围,unassessed,unassessed
notifications,,L1,通知与推送,rollup,harmonyos,unknown,unreviewed,stub,not_started,unknown,0,3,0,21,unassessed,尚未逐条评估证据和适用范围,unassessed,unassessed
notifications.local,notifications,L2,本地通知,rollup,android,unknown,unreviewed,stub,not_started,unknown,0,3,0,21,unassessed,尚未逐条评估证据和适用范围,unassessed,unassessed
notifications.local,notifications,L2,本地通知,rollup,ios,unknown,unreviewed,stub,not_started,unknown,0,3,0,21,unassessed,尚未逐条评估证据和适用范围,unassessed,unassessed
notifications.local,notifications,L2,本地通知,rollup,harmonyos,unknown,unreviewed,stub,not_started,unknown,0,3,0,21,unassessed,尚未逐条评估证据和适用范围,unassessed,unassessed
notifications.local.actions,notifications.local,L3,通知操作按钮,leaf,android,unknown,unreviewed,stub,not_started,unknown,0,3,0,21,unassessed,尚未逐条评估证据和适用范围,unassessed,unassessed
notifications.local.actions,notifications.local,L3,通知操作按钮,leaf,ios,unknown,unreviewed,stub,not_started,unknown,0,3,0,21,unassessed,尚未逐条评估证据和适用范围,unassessed,unassessed
notifications.local.actions,notifications.local,L3,通知操作按钮,leaf,harmonyos,unknown,unreviewed,stub,not_started,unknown,0,3,0,21,unassessed,尚未逐条评估证据和适用范围,unassessed,unassessed
notifications.local.display,notifications.local,L3,通知展示,leaf,android,unknown,unreviewed,draft,not_started,unknown,0,3,0,21,unassessed,尚未逐条评估证据和适用范围,unassessed,unassessed
notifications.local.display,notifications.local,L3,通知展示,leaf,ios,unknown,unreviewed,draft,not_started,unknown,0,3,0,21,unassessed,尚未逐条评估证据和适用范围,unassessed,unassessed
notifications.local.display,notifications.local,L3,通知展示,leaf,harmonyos,unknown,unreviewed,draft,not_started,unknown,0,3,0,21,unassessed,尚未逐条评估证据和适用范围,unassessed,unassessed
notifications.push,notifications,L2,远程推送通道,rollup,android,unknown,unreviewed,stub,not_started,unknown,0,3,0,21,unassessed,尚未逐条评估证据和适用范围,unassessed,unassessed
notifications.push,notifications,L2,远程推送通道,rollup,ios,unknown,unreviewed,stub,not_started,unknown,0,3,0,21,unassessed,尚未逐条评估证据和适用范围,unassessed,unassessed
notifications.push,notifications,L2,远程推送通道,rollup,harmonyos,unknown,unreviewed,stub,not_started,unknown,0,3,0,21,unassessed,尚未逐条评估证据和适用范围,unassessed,unassessed
notifications.push.channel,notifications.push,L3,推送通道,leaf,android,unknown,unreviewed,draft,not_started,unknown,0,3,0,21,unassessed,尚未逐条评估证据和适用范围,unassessed,unassessed
notifications.push.channel,notifications.push,L3,推送通道,leaf,ios,unknown,unreviewed,draft,not_started,unknown,0,3,0,21,unassessed,尚未逐条评估证据和适用范围,unassessed,unassessed
notifications.push.channel,notifications.push,L3,推送通道,leaf,harmonyos,unknown,unreviewed,draft,not_started,unknown,0,3,0,21,unassessed,尚未逐条评估证据和适用范围,unassessed,unassessed
observability,,L1,可观测与质量,rollup,android,unknown,unreviewed,stub,not_started,unknown,0,3,0,21,unassessed,尚未逐条评估证据和适用范围,unassessed,unassessed
observability,,L1,可观测与质量,rollup,ios,unknown,unreviewed,stub,not_started,unknown,0,3,0,21,unassessed,尚未逐条评估证据和适用范围,unassessed,unassessed
observability,,L1,可观测与质量,rollup,harmonyos,unknown,unreviewed,stub,not_started,unknown,0,3,0,21,unassessed,尚未逐条评估证据和适用范围,unassessed,unassessed
observability.crash,observability,L2,崩溃与ANR,rollup,android,unknown,unreviewed,stub,not_started,unknown,0,3,0,21,unassessed,尚未逐条评估证据和适用范围,unassessed,unassessed
observability.crash,observability,L2,崩溃与ANR,rollup,ios,unknown,unreviewed,stub,not_started,unknown,0,3,0,21,unassessed,尚未逐条评估证据和适用范围,unassessed,unassessed
observability.crash,observability,L2,崩溃与ANR,rollup,harmonyos,unknown,unreviewed,stub,not_started,unknown,0,3,0,21,unassessed,尚未逐条评估证据和适用范围,unassessed,unassessed
observability.crash.report,observability.crash,L3,崩溃报告,leaf,android,unknown,unreviewed,stub,not_started,unknown,0,3,0,21,unassessed,尚未逐条评估证据和适用范围,unassessed,unassessed
observability.crash.report,observability.crash,L3,崩溃报告,leaf,ios,unknown,unreviewed,stub,not_started,unknown,0,3,0,21,unassessed,尚未逐条评估证据和适用范围,unassessed,unassessed
observability.crash.report,observability.crash,L3,崩溃报告,leaf,harmonyos,unknown,unreviewed,stub,not_started,unknown,0,3,0,21,unassessed,尚未逐条评估证据和适用范围,unassessed,unassessed
observability.logging,observability,L2,日志,rollup,android,unknown,unreviewed,stub,not_started,unknown,0,3,0,21,unassessed,尚未逐条评估证据和适用范围,unassessed,unassessed
observability.logging,observability,L2,日志,rollup,ios,unknown,unreviewed,stub,not_started,unknown,0,3,0,21,unassessed,尚未逐条评估证据和适用范围,unassessed,unassessed
observability.logging,observability,L2,日志,rollup,harmonyos,unknown,unreviewed,stub,not_started,unknown,0,3,0,21,unassessed,尚未逐条评估证据和适用范围,unassessed,unassessed
observability.logging.app,observability.logging,L3,应用日志,leaf,android,unknown,unreviewed,stub,not_started,unknown,0,3,0,21,unassessed,尚未逐条评估证据和适用范围,unassessed,unassessed
observability.logging.app,observability.logging,L3,应用日志,leaf,ios,unknown,unreviewed,stub,not_started,unknown,0,3,0,21,unassessed,尚未逐条评估证据和适用范围,unassessed,unassessed
observability.logging.app,observability.logging,L3,应用日志,leaf,harmonyos,unknown,unreviewed,stub,not_started,unknown,0,3,0,21,unassessed,尚未逐条评估证据和适用范围,unassessed,unassessed
observability.perf,observability,L2,性能追踪,rollup,android,unknown,unreviewed,stub,not_started,unknown,0,3,0,21,unassessed,尚未逐条评估证据和适用范围,unassessed,unassessed
observability.perf,observability,L2,性能追踪,rollup,ios,unknown,unreviewed,stub,not_started,unknown,0,3,0,21,unassessed,尚未逐条评估证据和适用范围,unassessed,unassessed
observability.perf,observability,L2,性能追踪,rollup,harmonyos,unknown,unreviewed,stub,not_started,unknown,0,3,0,21,unassessed,尚未逐条评估证据和适用范围,unassessed,unassessed
observability.perf.trace,observability.perf,L3,性能Trace,leaf,android,unknown,unreviewed,stub,not_started,unknown,0,3,0,21,unassessed,尚未逐条评估证据和适用范围,unassessed,unassessed
observability.perf.trace,observability.perf,L3,性能Trace,leaf,ios,unknown,unreviewed,stub,not_started,unknown,0,3,0,21,unassessed,尚未逐条评估证据和适用范围,unassessed,unassessed
observability.perf.trace,observability.perf,L3,性能Trace,leaf,harmonyos,unknown,unreviewed,stub,not_started,unknown,0,3,0,21,unassessed,尚未逐条评估证据和适用范围,unassessed,unassessed
runtime,,L1,运行时与国际化,rollup,android,unknown,unreviewed,stub,not_started,unknown,0,3,0,21,unassessed,尚未逐条评估证据和适用范围,unassessed,unassessed
runtime,,L1,运行时与国际化,rollup,ios,unknown,unreviewed,stub,not_started,unknown,0,3,0,21,unassessed,尚未逐条评估证据和适用范围,unassessed,unassessed
runtime,,L1,运行时与国际化,rollup,harmonyos,unknown,unreviewed,stub,not_started,unknown,0,3,0,21,unassessed,尚未逐条评估证据和适用范围,unassessed,unassessed
runtime.concurrency,runtime,L2,并发模型,rollup,android,unknown,unreviewed,stub,not_started,unknown,0,3,0,21,unassessed,尚未逐条评估证据和适用范围,unassessed,unassessed
runtime.concurrency,runtime,L2,并发模型,rollup,ios,unknown,unreviewed,stub,not_started,unknown,0,3,0,21,unassessed,尚未逐条评估证据和适用范围,unassessed,unassessed
runtime.concurrency,runtime,L2,并发模型,rollup,harmonyos,unknown,unreviewed,stub,not_started,unknown,0,3,0,21,unassessed,尚未逐条评估证据和适用范围,unassessed,unassessed
runtime.concurrency.overview,runtime.concurrency,L3,异步任务调度与协作,leaf,android,unknown,unreviewed,stub,not_started,unknown,0,3,0,21,unassessed,尚未逐条评估证据和适用范围,unassessed,unassessed
runtime.concurrency.overview,runtime.concurrency,L3,异步任务调度与协作,leaf,ios,unknown,unreviewed,stub,not_started,unknown,0,3,0,21,unassessed,尚未逐条评估证据和适用范围,unassessed,unassessed
runtime.concurrency.overview,runtime.concurrency,L3,异步任务调度与协作,leaf,harmonyos,unknown,unreviewed,stub,not_started,unknown,0,3,0,21,unassessed,尚未逐条评估证据和适用范围,unassessed,unassessed
runtime.i18n,runtime,L2,国际化,rollup,android,unknown,unreviewed,stub,not_started,unknown,0,3,0,21,unassessed,尚未逐条评估证据和适用范围,unassessed,unassessed
runtime.i18n,runtime,L2,国际化,rollup,ios,unknown,unreviewed,stub,not_started,unknown,0,3,0,21,unassessed,尚未逐条评估证据和适用范围,unassessed,unassessed
runtime.i18n,runtime,L2,国际化,rollup,harmonyos,unknown,unreviewed,stub,not_started,unknown,0,3,0,21,unassessed,尚未逐条评估证据和适用范围,unassessed,unassessed
runtime.i18n.locale,runtime.i18n,L3,语言区域,leaf,android,unknown,unreviewed,stub,not_started,unknown,0,3,0,21,unassessed,尚未逐条评估证据和适用范围,unassessed,unassessed
runtime.i18n.locale,runtime.i18n,L3,语言区域,leaf,ios,unknown,unreviewed,stub,not_started,unknown,0,3,0,21,unassessed,尚未逐条评估证据和适用范围,unassessed,unassessed
runtime.i18n.locale,runtime.i18n,L3,语言区域,leaf,harmonyos,unknown,unreviewed,stub,not_started,unknown,0,3,0,21,unassessed,尚未逐条评估证据和适用范围,unassessed,unassessed
security,,L1,安全与隐私,rollup,android,unknown,unreviewed,stub,not_started,unknown,0,3,0,21,unassessed,尚未逐条评估证据和适用范围,unassessed,unassessed
security,,L1,安全与隐私,rollup,ios,unknown,unreviewed,stub,not_started,unknown,0,3,0,21,unassessed,尚未逐条评估证据和适用范围,unassessed,unassessed
security,,L1,安全与隐私,rollup,harmonyos,unknown,unreviewed,stub,not_started,unknown,0,3,0,21,unassessed,尚未逐条评估证据和适用范围,unassessed,unassessed
security.biometrics,security,L2,生物识别,rollup,android,unknown,unreviewed,stub,not_started,unknown,0,3,0,21,unassessed,尚未逐条评估证据和适用范围,unassessed,unassessed
security.biometrics,security,L2,生物识别,rollup,ios,unknown,unreviewed,stub,not_started,unknown,0,3,0,21,unassessed,尚未逐条评估证据和适用范围,unassessed,unassessed
security.biometrics,security,L2,生物识别,rollup,harmonyos,unknown,unreviewed,stub,not_started,unknown,0,3,0,21,unassessed,尚未逐条评估证据和适用范围,unassessed,unassessed
security.biometrics.local_auth,security.biometrics,L3,本地生物认证,leaf,android,unknown,unreviewed,stub,not_started,unknown,0,3,0,21,unassessed,尚未逐条评估证据和适用范围,unassessed,unassessed
security.biometrics.local_auth,security.biometrics,L3,本地生物认证,leaf,ios,unknown,unreviewed,stub,not_started,unknown,0,3,0,21,unassessed,尚未逐条评估证据和适用范围,unassessed,unassessed
security.biometrics.local_auth,security.biometrics,L3,本地生物认证,leaf,harmonyos,unknown,unreviewed,stub,not_started,unknown,0,3,0,21,unassessed,尚未逐条评估证据和适用范围,unassessed,unassessed
security.crypto,security,L2,密钥与密码学,rollup,android,unknown,unreviewed,stub,not_started,unknown,0,3,0,21,unassessed,尚未逐条评估证据和适用范围,unassessed,unassessed
security.crypto,security,L2,密钥与密码学,rollup,ios,unknown,unreviewed,stub,not_started,unknown,0,3,0,21,unassessed,尚未逐条评估证据和适用范围,unassessed,unassessed
security.crypto,security,L2,密钥与密码学,rollup,harmonyos,unknown,unreviewed,stub,not_started,unknown,0,3,0,21,unassessed,尚未逐条评估证据和适用范围,unassessed,unassessed
security.crypto.keystore,security.crypto,L3,硬件支持密钥库,leaf,android,unknown,unreviewed,stub,not_started,unknown,0,3,0,21,unassessed,尚未逐条评估证据和适用范围,unassessed,unassessed
security.crypto.keystore,security.crypto,L3,硬件支持密钥库,leaf,ios,unknown,unreviewed,stub,not_started,unknown,0,3,0,21,unassessed,尚未逐条评估证据和适用范围,unassessed,unassessed
security.crypto.keystore,security.crypto,L3,硬件支持密钥库,leaf,harmonyos,unknown,unreviewed,stub,not_started,unknown,0,3,0,21,unassessed,尚未逐条评估证据和适用范围,unassessed,unassessed
security.permissions,security,L2,权限模型,rollup,android,unknown,unreviewed,stub,not_started,unknown,0,3,0,21,unassessed,尚未逐条评估证据和适用范围,unassessed,unassessed
security.permissions,security,L2,权限模型,rollup,ios,unknown,unreviewed,stub,not_started,unknown,0,3,0,21,unassessed,尚未逐条评估证据和适用范围,unassessed,unassessed
security.permissions,security,L2,权限模型,rollup,harmonyos,unknown,unreviewed,stub,not_started,unknown,0,3,0,21,unassessed,尚未逐条评估证据和适用范围,unassessed,unassessed
security.permissions.runtime,security.permissions,L3,运行时权限请求,leaf,android,unknown,unreviewed,draft,not_started,unknown,0,3,0,21,unassessed,尚未逐条评估证据和适用范围,unassessed,unassessed
security.permissions.runtime,security.permissions,L3,运行时权限请求,leaf,ios,unknown,unreviewed,draft,not_started,unknown,0,3,0,21,unassessed,尚未逐条评估证据和适用范围,unassessed,unassessed
security.permissions.runtime,security.permissions,L3,运行时权限请求,leaf,harmonyos,unknown,unreviewed,draft,not_started,unknown,0,3,0,21,unassessed,尚未逐条评估证据和适用范围,unassessed,unassessed
security.permissions.special,security.permissions,L3,特殊权限与设置页,leaf,android,unknown,unreviewed,stub,not_started,unknown,0,3,0,21,unassessed,尚未逐条评估证据和适用范围,unassessed,unassessed
security.permissions.special,security.permissions,L3,特殊权限与设置页,leaf,ios,unknown,unreviewed,stub,not_started,unknown,0,3,0,21,unassessed,尚未逐条评估证据和适用范围,unassessed,unassessed
security.permissions.special,security.permissions,L3,特殊权限与设置页,leaf,harmonyos,unknown,unreviewed,stub,not_started,unknown,0,3,0,21,unassessed,尚未逐条评估证据和适用范围,unassessed,unassessed
security.secure_storage,security,L2,安全存储,rollup,android,unknown,unreviewed,stub,not_started,unknown,0,3,0,21,unassessed,尚未逐条评估证据和适用范围,unassessed,unassessed
security.secure_storage,security,L2,安全存储,rollup,ios,unknown,unreviewed,stub,not_started,unknown,0,3,0,21,unassessed,尚未逐条评估证据和适用范围,unassessed,unassessed
security.secure_storage,security,L2,安全存储,rollup,harmonyos,unknown,unreviewed,stub,not_started,unknown,0,3,0,21,unassessed,尚未逐条评估证据和适用范围,unassessed,unassessed
security.secure_storage.credentials,security.secure_storage,L3,凭据安全存储,leaf,android,unknown,unreviewed,stub,not_started,unknown,0,3,0,21,unassessed,尚未逐条评估证据和适用范围,unassessed,unassessed
security.secure_storage.credentials,security.secure_storage,L3,凭据安全存储,leaf,ios,unknown,unreviewed,stub,not_started,unknown,0,3,0,21,unassessed,尚未逐条评估证据和适用范围,unassessed,unassessed
security.secure_storage.credentials,security.secure_storage,L3,凭据安全存储,leaf,harmonyos,unknown,unreviewed,stub,not_started,unknown,0,3,0,21,unassessed,尚未逐条评估证据和适用范围,unassessed,unassessed
sensors,,L1,传感器与运动,rollup,android,unknown,unreviewed,stub,not_started,unknown,0,3,0,21,unassessed,尚未逐条评估证据和适用范围,unassessed,unassessed
sensors,,L1,传感器与运动,rollup,ios,unknown,unreviewed,stub,not_started,unknown,0,3,0,21,unassessed,尚未逐条评估证据和适用范围,unassessed,unassessed
sensors,,L1,传感器与运动,rollup,harmonyos,unknown,unreviewed,stub,not_started,unknown,0,3,0,21,unassessed,尚未逐条评估证据和适用范围,unassessed,unassessed
sensors.environment,sensors,L2,环境传感器,rollup,android,unknown,unreviewed,stub,not_started,unknown,0,3,0,21,unassessed,尚未逐条评估证据和适用范围,unassessed,unassessed
sensors.environment,sensors,L2,环境传感器,rollup,ios,unknown,unreviewed,stub,not_started,unknown,0,3,0,21,unassessed,尚未逐条评估证据和适用范围,unassessed,unassessed
sensors.environment,sensors,L2,环境传感器,rollup,harmonyos,unknown,unreviewed,stub,not_started,unknown,0,3,0,21,unassessed,尚未逐条评估证据和适用范围,unassessed,unassessed
sensors.environment.ambient,sensors.environment,L3,环境读数,leaf,android,unknown,unreviewed,stub,not_started,unknown,0,3,0,21,unassessed,尚未逐条评估证据和适用范围,unassessed,unassessed
sensors.environment.ambient,sensors.environment,L3,环境读数,leaf,ios,unknown,unreviewed,stub,not_started,unknown,0,3,0,21,unassessed,尚未逐条评估证据和适用范围,unassessed,unassessed
sensors.environment.ambient,sensors.environment,L3,环境读数,leaf,harmonyos,unknown,unreviewed,stub,not_started,unknown,0,3,0,21,unassessed,尚未逐条评估证据和适用范围,unassessed,unassessed
sensors.motion,sensors,L2,运动传感器,rollup,android,unknown,unreviewed,stub,not_started,unknown,0,3,0,21,unassessed,尚未逐条评估证据和适用范围,unassessed,unassessed
sensors.motion,sensors,L2,运动传感器,rollup,ios,unknown,unreviewed,stub,not_started,unknown,0,3,0,21,unassessed,尚未逐条评估证据和适用范围,unassessed,unassessed
sensors.motion,sensors,L2,运动传感器,rollup,harmonyos,unknown,unreviewed,stub,not_started,unknown,0,3,0,21,unassessed,尚未逐条评估证据和适用范围,unassessed,unassessed
sensors.motion.accel_gyro,sensors.motion,L3,加速度与陀螺仪,leaf,android,unknown,unreviewed,stub,not_started,unknown,0,3,0,21,unassessed,尚未逐条评估证据和适用范围,unassessed,unassessed
sensors.motion.accel_gyro,sensors.motion,L3,加速度与陀螺仪,leaf,ios,unknown,unreviewed,stub,not_started,unknown,0,3,0,21,unassessed,尚未逐条评估证据和适用范围,unassessed,unassessed
sensors.motion.accel_gyro,sensors.motion,L3,加速度与陀螺仪,leaf,harmonyos,unknown,unreviewed,stub,not_started,unknown,0,3,0,21,unassessed,尚未逐条评估证据和适用范围,unassessed,unassessed
storage,,L1,数据与存储,rollup,android,unknown,unreviewed,stub,not_started,unknown,0,3,0,21,unassessed,尚未逐条评估证据和适用范围,unassessed,unassessed
storage,,L1,数据与存储,rollup,ios,unknown,unreviewed,stub,not_started,unknown,0,3,0,21,unassessed,尚未逐条评估证据和适用范围,unassessed,unassessed
storage,,L1,数据与存储,rollup,harmonyos,unknown,unreviewed,stub,not_started,unknown,0,3,0,21,unassessed,尚未逐条评估证据和适用范围,unassessed,unassessed
storage.cloud,storage,L2,云端同步存储,rollup,android,unknown,unreviewed,stub,not_started,unknown,0,3,0,21,unassessed,尚未逐条评估证据和适用范围,unassessed,unassessed
storage.cloud,storage,L2,云端同步存储,rollup,ios,unknown,unreviewed,stub,not_started,unknown,0,3,0,21,unassessed,尚未逐条评估证据和适用范围,unassessed,unassessed
storage.cloud,storage,L2,云端同步存储,rollup,harmonyos,unknown,unreviewed,stub,not_started,unknown,0,3,0,21,unassessed,尚未逐条评估证据和适用范围,unassessed,unassessed
storage.cloud.records,storage.cloud,L3,云记录同步,leaf,android,unknown,unreviewed,stub,not_started,unknown,0,3,0,21,unassessed,尚未逐条评估证据和适用范围,unassessed,unassessed
storage.cloud.records,storage.cloud,L3,云记录同步,leaf,ios,unknown,unreviewed,stub,not_started,unknown,0,3,0,21,unassessed,尚未逐条评估证据和适用范围,unassessed,unassessed
storage.cloud.records,storage.cloud,L3,云记录同步,leaf,harmonyos,unknown,unreviewed,stub,not_started,unknown,0,3,0,21,unassessed,尚未逐条评估证据和适用范围,unassessed,unassessed
storage.db,storage,L2,结构化存储,rollup,android,unknown,unreviewed,stub,not_started,unknown,0,3,0,21,unassessed,尚未逐条评估证据和适用范围,unassessed,unassessed
storage.db,storage,L2,结构化存储,rollup,ios,unknown,unreviewed,stub,not_started,unknown,0,3,0,21,unassessed,尚未逐条评估证据和适用范围,unassessed,unassessed
storage.db,storage,L2,结构化存储,rollup,harmonyos,unknown,unreviewed,stub,not_started,unknown,0,3,0,21,unassessed,尚未逐条评估证据和适用范围,unassessed,unassessed
storage.db.relational,storage.db,L3,关系数据库,leaf,android,unknown,unreviewed,stub,not_started,unknown,0,3,0,21,unassessed,尚未逐条评估证据和适用范围,unassessed,unassessed
storage.db.relational,storage.db,L3,关系数据库,leaf,ios,unknown,unreviewed,stub,not_started,unknown,0,3,0,21,unassessed,尚未逐条评估证据和适用范围,unassessed,unassessed
storage.db.relational,storage.db,L3,关系数据库,leaf,harmonyos,unknown,unreviewed,stub,not_started,unknown,0,3,0,21,unassessed,尚未逐条评估证据和适用范围,unassessed,unassessed
storage.kv,storage,L2,键值存储,rollup,android,unknown,unreviewed,stub,not_started,unknown,0,3,0,21,unassessed,尚未逐条评估证据和适用范围,unassessed,unassessed
storage.kv,storage,L2,键值存储,rollup,ios,unknown,unreviewed,stub,not_started,unknown,0,3,0,21,unassessed,尚未逐条评估证据和适用范围,unassessed,unassessed
storage.kv,storage,L2,键值存储,rollup,harmonyos,unknown,unreviewed,stub,not_started,unknown,0,3,0,21,unassessed,尚未逐条评估证据和适用范围,unassessed,unassessed
storage.kv.preferences,storage.kv,L3,偏好键值,leaf,android,unknown,unreviewed,stub,not_started,unknown,0,3,0,21,unassessed,尚未逐条评估证据和适用范围,unassessed,unassessed
storage.kv.preferences,storage.kv,L3,偏好键值,leaf,ios,unknown,unreviewed,stub,not_started,unknown,0,3,0,21,unassessed,尚未逐条评估证据和适用范围,unassessed,unassessed
storage.kv.preferences,storage.kv,L3,偏好键值,leaf,harmonyos,unknown,unreviewed,stub,not_started,unknown,0,3,0,21,unassessed,尚未逐条评估证据和适用范围,unassessed,unassessed
storage.sandbox,storage,L2,应用沙箱文件,rollup,android,unknown,unreviewed,stub,not_started,unknown,0,3,0,21,unassessed,尚未逐条评估证据和适用范围,unassessed,unassessed
storage.sandbox,storage,L2,应用沙箱文件,rollup,ios,unknown,unreviewed,stub,not_started,unknown,0,3,0,21,unassessed,尚未逐条评估证据和适用范围,unassessed,unassessed
storage.sandbox,storage,L2,应用沙箱文件,rollup,harmonyos,unknown,unreviewed,stub,not_started,unknown,0,3,0,21,unassessed,尚未逐条评估证据和适用范围,unassessed,unassessed
storage.sandbox.private_files,storage.sandbox,L3,私有文件读写,leaf,android,unknown,unreviewed,stub,not_started,unknown,0,3,0,21,unassessed,尚未逐条评估证据和适用范围,unassessed,unassessed
storage.sandbox.private_files,storage.sandbox,L3,私有文件读写,leaf,ios,unknown,unreviewed,stub,not_started,unknown,0,3,0,21,unassessed,尚未逐条评估证据和适用范围,unassessed,unassessed
storage.sandbox.private_files,storage.sandbox,L3,私有文件读写,leaf,harmonyos,unknown,unreviewed,stub,not_started,unknown,0,3,0,21,unassessed,尚未逐条评估证据和适用范围,unassessed,unassessed
storage.user_files,storage,L2,用户文件访问,rollup,android,unknown,unreviewed,stub,not_started,unknown,0,3,0,21,unassessed,尚未逐条评估证据和适用范围,unassessed,unassessed
storage.user_files,storage,L2,用户文件访问,rollup,ios,unknown,unreviewed,stub,not_started,unknown,0,3,0,21,unassessed,尚未逐条评估证据和适用范围,unassessed,unassessed
storage.user_files,storage,L2,用户文件访问,rollup,harmonyos,unknown,unreviewed,stub,not_started,unknown,0,3,0,21,unassessed,尚未逐条评估证据和适用范围,unassessed,unassessed
storage.user_files.picker,storage.user_files,L3,文档选择器,leaf,android,unknown,unreviewed,stub,not_started,unknown,0,3,0,21,unassessed,尚未逐条评估证据和适用范围,unassessed,unassessed
storage.user_files.picker,storage.user_files,L3,文档选择器,leaf,ios,unknown,unreviewed,stub,not_started,unknown,0,3,0,21,unassessed,尚未逐条评估证据和适用范围,unassessed,unassessed
storage.user_files.picker,storage.user_files,L3,文档选择器,leaf,harmonyos,unknown,unreviewed,stub,not_started,unknown,0,3,0,21,unassessed,尚未逐条评估证据和适用范围,unassessed,unassessed
telecom,,L1,通信与内容,rollup,android,unknown,unreviewed,stub,not_started,unknown,0,3,0,21,unassessed,尚未逐条评估证据和适用范围,unassessed,unassessed
telecom,,L1,通信与内容,rollup,ios,unknown,unreviewed,stub,not_started,unknown,0,3,0,21,unassessed,尚未逐条评估证据和适用范围,unassessed,unassessed
telecom,,L1,通信与内容,rollup,harmonyos,unknown,unreviewed,stub,not_started,unknown,0,3,0,21,unassessed,尚未逐条评估证据和适用范围,unassessed,unassessed
telecom.calendar,telecom,L2,日历,rollup,android,unknown,unreviewed,stub,not_started,unknown,0,3,0,21,unassessed,尚未逐条评估证据和适用范围,unassessed,unassessed
telecom.calendar,telecom,L2,日历,rollup,ios,unknown,unreviewed,stub,not_started,unknown,0,3,0,21,unassessed,尚未逐条评估证据和适用范围,unassessed,unassessed
telecom.calendar,telecom,L2,日历,rollup,harmonyos,unknown,unreviewed,stub,not_started,unknown,0,3,0,21,unassessed,尚未逐条评估证据和适用范围,unassessed,unassessed
telecom.calendar.events,telecom.calendar,L3,日历事件,leaf,android,unknown,unreviewed,stub,not_started,unknown,0,3,0,21,unassessed,尚未逐条评估证据和适用范围,unassessed,unassessed
telecom.calendar.events,telecom.calendar,L3,日历事件,leaf,ios,unknown,unreviewed,stub,not_started,unknown,0,3,0,21,unassessed,尚未逐条评估证据和适用范围,unassessed,unassessed
telecom.calendar.events,telecom.calendar,L3,日历事件,leaf,harmonyos,unknown,unreviewed,stub,not_started,unknown,0,3,0,21,unassessed,尚未逐条评估证据和适用范围,unassessed,unassessed
telecom.contacts,telecom,L2,联系人,rollup,android,unknown,unreviewed,stub,not_started,unknown,0,3,0,21,unassessed,尚未逐条评估证据和适用范围,unassessed,unassessed
telecom.contacts,telecom,L2,联系人,rollup,ios,unknown,unreviewed,stub,not_started,unknown,0,3,0,21,unassessed,尚未逐条评估证据和适用范围,unassessed,unassessed
telecom.contacts,telecom,L2,联系人,rollup,harmonyos,unknown,unreviewed,stub,not_started,unknown,0,3,0,21,unassessed,尚未逐条评估证据和适用范围,unassessed,unassessed
telecom.contacts.read,telecom.contacts,L3,读取联系人,leaf,android,unknown,unreviewed,stub,not_started,unknown,0,3,0,21,unassessed,尚未逐条评估证据和适用范围,unassessed,unassessed
telecom.contacts.read,telecom.contacts,L3,读取联系人,leaf,ios,unknown,unreviewed,stub,not_started,unknown,0,3,0,21,unassessed,尚未逐条评估证据和适用范围,unassessed,unassessed
telecom.contacts.read,telecom.contacts,L3,读取联系人,leaf,harmonyos,unknown,unreviewed,stub,not_started,unknown,0,3,0,21,unassessed,尚未逐条评估证据和适用范围,unassessed,unassessed
telecom.phone,telecom,L2,电话,rollup,android,unknown,unreviewed,stub,not_started,unknown,0,3,0,21,unassessed,尚未逐条评估证据和适用范围,unassessed,unassessed
telecom.phone,telecom,L2,电话,rollup,ios,unknown,unreviewed,stub,not_started,unknown,0,3,0,21,unassessed,尚未逐条评估证据和适用范围,unassessed,unassessed
telecom.phone,telecom,L2,电话,rollup,harmonyos,unknown,unreviewed,stub,not_started,unknown,0,3,0,21,unassessed,尚未逐条评估证据和适用范围,unassessed,unassessed
telecom.phone.dial,telecom.phone,L3,发起通话,leaf,android,unknown,unreviewed,stub,not_started,unknown,0,3,0,21,unassessed,尚未逐条评估证据和适用范围,unassessed,unassessed
telecom.phone.dial,telecom.phone,L3,发起通话,leaf,ios,unknown,unreviewed,stub,not_started,unknown,0,3,0,21,unassessed,尚未逐条评估证据和适用范围,unassessed,unassessed
telecom.phone.dial,telecom.phone,L3,发起通话,leaf,harmonyos,unknown,unreviewed,stub,not_started,unknown,0,3,0,21,unassessed,尚未逐条评估证据和适用范围,unassessed,unassessed
telecom.sms,telecom,L2,短信,rollup,android,unknown,unreviewed,stub,not_started,unknown,0,3,0,21,unassessed,尚未逐条评估证据和适用范围,unassessed,unassessed
telecom.sms,telecom,L2,短信,rollup,ios,unknown,unreviewed,stub,not_started,unknown,0,3,0,21,unassessed,尚未逐条评估证据和适用范围,unassessed,unassessed
telecom.sms,telecom,L2,短信,rollup,harmonyos,unknown,unreviewed,stub,not_started,unknown,0,3,0,21,unassessed,尚未逐条评估证据和适用范围,unassessed,unassessed
telecom.sms.send,telecom.sms,L3,发送短信,leaf,android,unknown,unreviewed,stub,not_started,unknown,0,3,0,21,unassessed,尚未逐条评估证据和适用范围,unassessed,unassessed
telecom.sms.send,telecom.sms,L3,发送短信,leaf,ios,unknown,unreviewed,stub,not_started,unknown,0,3,0,21,unassessed,尚未逐条评估证据和适用范围,unassessed,unassessed
telecom.sms.send,telecom.sms,L3,发送短信,leaf,harmonyos,unknown,unreviewed,stub,not_started,unknown,0,3,0,21,unassessed,尚未逐条评估证据和适用范围,unassessed,unassessed
ui,,L1,界面与窗口,rollup,android,unknown,unreviewed,stub,not_started,unknown,0,3,0,21,unassessed,尚未逐条评估证据和适用范围,unassessed,unassessed
ui,,L1,界面与窗口,rollup,ios,unknown,unreviewed,stub,not_started,unknown,0,3,0,21,unassessed,尚未逐条评估证据和适用范围,unassessed,unassessed
ui,,L1,界面与窗口,rollup,harmonyos,unknown,unreviewed,stub,not_started,unknown,0,3,0,21,unassessed,尚未逐条评估证据和适用范围,unassessed,unassessed
ui.controls,ui,L2,控件类别,rollup,android,unknown,unreviewed,stub,not_started,unknown,0,3,0,21,unassessed,尚未逐条评估证据和适用范围,unassessed,unassessed
ui.controls,ui,L2,控件类别,rollup,ios,unknown,unreviewed,stub,not_started,unknown,0,3,0,21,unassessed,尚未逐条评估证据和适用范围,unassessed,unassessed
ui.controls,ui,L2,控件类别,rollup,harmonyos,unknown,unreviewed,stub,not_started,unknown,0,3,0,21,unassessed,尚未逐条评估证据和适用范围,unassessed,unassessed
ui.controls.button,ui.controls,L3,按钮,leaf,android,unknown,unreviewed,stub,not_started,unknown,0,3,0,21,unassessed,尚未逐条评估证据和适用范围,unassessed,unassessed
ui.controls.button,ui.controls,L3,按钮,leaf,ios,unknown,unreviewed,stub,not_started,unknown,0,3,0,21,unassessed,尚未逐条评估证据和适用范围,unassessed,unassessed
ui.controls.button,ui.controls,L3,按钮,leaf,harmonyos,unknown,unreviewed,stub,not_started,unknown,0,3,0,21,unassessed,尚未逐条评估证据和适用范围,unassessed,unassessed
ui.controls.dialog,ui.controls,L3,弹层对话框,leaf,android,unknown,unreviewed,stub,not_started,unknown,0,3,0,21,unassessed,尚未逐条评估证据和适用范围,unassessed,unassessed
ui.controls.dialog,ui.controls,L3,弹层对话框,leaf,ios,unknown,unreviewed,stub,not_started,unknown,0,3,0,21,unassessed,尚未逐条评估证据和适用范围,unassessed,unassessed
ui.controls.dialog,ui.controls,L3,弹层对话框,leaf,harmonyos,unknown,unreviewed,stub,not_started,unknown,0,3,0,21,unassessed,尚未逐条评估证据和适用范围,unassessed,unassessed
ui.controls.image,ui.controls,L3,图像视图,leaf,android,unknown,unreviewed,stub,not_started,unknown,0,3,0,21,unassessed,尚未逐条评估证据和适用范围,unassessed,unassessed
ui.controls.image,ui.controls,L3,图像视图,leaf,ios,unknown,unreviewed,stub,not_started,unknown,0,3,0,21,unassessed,尚未逐条评估证据和适用范围,unassessed,unassessed
ui.controls.image,ui.controls,L3,图像视图,leaf,harmonyos,unknown,unreviewed,stub,not_started,unknown,0,3,0,21,unassessed,尚未逐条评估证据和适用范围,unassessed,unassessed
ui.controls.list,ui.controls,L3,列表,leaf,android,unknown,unreviewed,stub,not_started,unknown,0,3,0,21,unassessed,尚未逐条评估证据和适用范围,unassessed,unassessed
ui.controls.list,ui.controls,L3,列表,leaf,ios,unknown,unreviewed,stub,not_started,unknown,0,3,0,21,unassessed,尚未逐条评估证据和适用范围,unassessed,unassessed
ui.controls.list,ui.controls,L3,列表,leaf,harmonyos,unknown,unreviewed,stub,not_started,unknown,0,3,0,21,unassessed,尚未逐条评估证据和适用范围,unassessed,unassessed
ui.controls.navigation_bar,ui.controls,L3,导航栏,leaf,android,unknown,unreviewed,stub,not_started,unknown,0,3,0,21,unassessed,尚未逐条评估证据和适用范围,unassessed,unassessed
ui.controls.navigation_bar,ui.controls,L3,导航栏,leaf,ios,unknown,unreviewed,stub,not_started,unknown,0,3,0,21,unassessed,尚未逐条评估证据和适用范围,unassessed,unassessed
ui.controls.navigation_bar,ui.controls,L3,导航栏,leaf,harmonyos,unknown,unreviewed,stub,not_started,unknown,0,3,0,21,unassessed,尚未逐条评估证据和适用范围,unassessed,unassessed
ui.controls.text_field,ui.controls,L3,文本输入框,leaf,android,unknown,unreviewed,stub,not_started,unknown,0,3,0,21,unassessed,尚未逐条评估证据和适用范围,unassessed,unassessed
ui.controls.text_field,ui.controls,L3,文本输入框,leaf,ios,unknown,unreviewed,stub,not_started,unknown,0,3,0,21,unassessed,尚未逐条评估证据和适用范围,unassessed,unassessed
ui.controls.text_field,ui.controls,L3,文本输入框,leaf,harmonyos,unknown,unreviewed,stub,not_started,unknown,0,3,0,21,unassessed,尚未逐条评估证据和适用范围,unassessed,unassessed
ui.declarative,ui,L2,声明式UI框架,rollup,android,unknown,unreviewed,stub,not_started,unknown,0,3,0,21,unassessed,尚未逐条评估证据和适用范围,unassessed,unassessed
ui.declarative,ui,L2,声明式UI框架,rollup,ios,unknown,unreviewed,stub,not_started,unknown,0,3,0,21,unassessed,尚未逐条评估证据和适用范围,unassessed,unassessed
ui.declarative,ui,L2,声明式UI框架,rollup,harmonyos,unknown,unreviewed,stub,not_started,unknown,0,3,0,21,unassessed,尚未逐条评估证据和适用范围,unassessed,unassessed
ui.declarative.vs_imperative,ui.declarative,L3,状态驱动界面更新,leaf,android,unknown,in_review,draft,in_progress,unknown,0,3,0,21,unassessed,尚未逐条评估证据和适用范围,unassessed,unassessed
ui.declarative.vs_imperative,ui.declarative,L3,状态驱动界面更新,leaf,ios,unknown,in_review,draft,in_progress,unknown,0,3,0,21,unassessed,尚未逐条评估证据和适用范围,unassessed,unassessed
ui.declarative.vs_imperative,ui.declarative,L3,状态驱动界面更新,leaf,harmonyos,unknown,unreviewed,draft,in_progress,unknown,0,3,0,21,unassessed,尚未逐条评估证据和适用范围,unassessed,unassessed
ui.imperative,ui,L2,命令式视图系统,leaf,android,unknown,unreviewed,stub,not_started,unknown,0,3,0,21,unassessed,尚未逐条评估证据和适用范围,unassessed,unassessed
ui.imperative,ui,L2,命令式视图系统,leaf,ios,unknown,unreviewed,stub,not_started,unknown,0,3,0,21,unassessed,尚未逐条评估证据和适用范围,unassessed,unassessed
ui.imperative,ui,L2,命令式视图系统,leaf,harmonyos,unknown,unreviewed,stub,not_started,unknown,0,3,0,21,unassessed,尚未逐条评估证据和适用范围,unassessed,unassessed
ui.navigation,ui,L2,导航栈,rollup,android,unknown,unreviewed,stub,not_started,unknown,0,3,0,21,unassessed,尚未逐条评估证据和适用范围,unassessed,unassessed
ui.navigation,ui,L2,导航栈,rollup,ios,unknown,unreviewed,stub,not_started,unknown,0,3,0,21,unassessed,尚未逐条评估证据和适用范围,unassessed,unassessed
ui.navigation,ui,L2,导航栈,rollup,harmonyos,unknown,unreviewed,stub,not_started,unknown,0,3,0,21,unassessed,尚未逐条评估证据和适用范围,unassessed,unassessed
ui.navigation.stack,ui.navigation,L3,页面导航栈,leaf,android,unknown,unreviewed,stub,not_started,unknown,0,3,0,21,unassessed,尚未逐条评估证据和适用范围,unassessed,unassessed
ui.navigation.stack,ui.navigation,L3,页面导航栈,leaf,ios,unknown,unreviewed,stub,not_started,unknown,0,3,0,21,unassessed,尚未逐条评估证据和适用范围,unassessed,unassessed
ui.navigation.stack,ui.navigation,L3,页面导航栈,leaf,harmonyos,unknown,unreviewed,stub,not_started,unknown,0,3,0,21,unassessed,尚未逐条评估证据和适用范围,unassessed,unassessed
ui.theme,ui,L2,主题与外观,rollup,android,unknown,unreviewed,stub,not_started,unknown,0,3,0,21,unassessed,尚未逐条评估证据和适用范围,unassessed,unassessed
ui.theme,ui,L2,主题与外观,rollup,ios,unknown,unreviewed,stub,not_started,unknown,0,3,0,21,unassessed,尚未逐条评估证据和适用范围,unassessed,unassessed
ui.theme,ui,L2,主题与外观,rollup,harmonyos,unknown,unreviewed,stub,not_started,unknown,0,3,0,21,unassessed,尚未逐条评估证据和适用范围,unassessed,unassessed
ui.theme.dark_mode,ui.theme,L3,深色模式,leaf,android,unknown,unreviewed,stub,not_started,unknown,0,3,0,21,unassessed,尚未逐条评估证据和适用范围,unassessed,unassessed
ui.theme.dark_mode,ui.theme,L3,深色模式,leaf,ios,unknown,unreviewed,stub,not_started,unknown,0,3,0,21,unassessed,尚未逐条评估证据和适用范围,unassessed,unassessed
ui.theme.dark_mode,ui.theme,L3,深色模式,leaf,harmonyos,unknown,unreviewed,stub,not_started,unknown,0,3,0,21,unassessed,尚未逐条评估证据和适用范围,unassessed,unassessed
ui.window,ui,L2,窗口与多窗,rollup,android,unknown,unreviewed,stub,not_started,unknown,0,3,0,21,unassessed,尚未逐条评估证据和适用范围,unassessed,unassessed
ui.window,ui,L2,窗口与多窗,rollup,ios,unknown,unreviewed,stub,not_started,unknown,0,3,0,21,unassessed,尚未逐条评估证据和适用范围,unassessed,unassessed
ui.window,ui,L2,窗口与多窗,rollup,harmonyos,unknown,unreviewed,stub,not_started,unknown,0,3,0,21,unassessed,尚未逐条评估证据和适用范围,unassessed,unassessed
ui.window.multiwindow,ui.window,L3,分屏与多窗,leaf,android,unknown,unreviewed,stub,not_started,unknown,0,3,0,21,unassessed,尚未逐条评估证据和适用范围,unassessed,unassessed
ui.window.multiwindow,ui.window,L3,分屏与多窗,leaf,ios,unknown,unreviewed,stub,not_started,unknown,0,3,0,21,unassessed,尚未逐条评估证据和适用范围,unassessed,unassessed
ui.window.multiwindow,ui.window,L3,分屏与多窗,leaf,harmonyos,unknown,unreviewed,stub,not_started,unknown,0,3,0,21,unassessed,尚未逐条评估证据和适用范围,unassessed,unassessed
ui.window.pip,ui.window,L3,画中画,leaf,android,unknown,unreviewed,stub,not_started,unknown,0,3,0,21,unassessed,尚未逐条评估证据和适用范围,unassessed,unassessed
ui.window.pip,ui.window,L3,画中画,leaf,ios,unknown,unreviewed,stub,not_started,unknown,0,3,0,21,unassessed,尚未逐条评估证据和适用范围,unassessed,unassessed
ui.window.pip,ui.window,L3,画中画,leaf,harmonyos,unknown,unreviewed,stub,not_started,unknown,0,3,0,21,unassessed,尚未逐条评估证据和适用范围,unassessed,unassessed
web,,L1,Web与混合,rollup,android,unknown,unreviewed,stub,not_started,unknown,0,3,0,21,unassessed,尚未逐条评估证据和适用范围,unassessed,unassessed
web,,L1,Web与混合,rollup,ios,unknown,unreviewed,stub,not_started,unknown,0,3,0,21,unassessed,尚未逐条评估证据和适用范围,unassessed,unassessed
web,,L1,Web与混合,rollup,harmonyos,unknown,unreviewed,stub,not_started,unknown,0,3,0,21,unassessed,尚未逐条评估证据和适用范围,unassessed,unassessed
web.bridge,web,L2,JS桥接,rollup,android,unknown,unreviewed,stub,not_started,unknown,0,3,0,21,unassessed,尚未逐条评估证据和适用范围,unassessed,unassessed
web.bridge,web,L2,JS桥接,rollup,ios,unknown,unreviewed,stub,not_started,unknown,0,3,0,21,unassessed,尚未逐条评估证据和适用范围,unassessed,unassessed
web.bridge,web,L2,JS桥接,rollup,harmonyos,unknown,unreviewed,stub,not_started,unknown,0,3,0,21,unassessed,尚未逐条评估证据和适用范围,unassessed,unassessed
web.bridge.native_js,web.bridge,L3,原生与JS互调,leaf,android,unknown,unreviewed,stub,not_started,unknown,0,3,0,21,unassessed,尚未逐条评估证据和适用范围,unassessed,unassessed
web.bridge.native_js,web.bridge,L3,原生与JS互调,leaf,ios,unknown,unreviewed,stub,not_started,unknown,0,3,0,21,unassessed,尚未逐条评估证据和适用范围,unassessed,unassessed
web.bridge.native_js,web.bridge,L3,原生与JS互调,leaf,harmonyos,unknown,unreviewed,stub,not_started,unknown,0,3,0,21,unassessed,尚未逐条评估证据和适用范围,unassessed,unassessed
web.webview,web,L2,嵌入式Web视图,rollup,android,unknown,unreviewed,stub,not_started,unknown,0,3,0,21,unassessed,尚未逐条评估证据和适用范围,unassessed,unassessed
web.webview,web,L2,嵌入式Web视图,rollup,ios,unknown,unreviewed,stub,not_started,unknown,0,3,0,21,unassessed,尚未逐条评估证据和适用范围,unassessed,unassessed
web.webview,web,L2,嵌入式Web视图,rollup,harmonyos,unknown,unreviewed,stub,not_started,unknown,0,3,0,21,unassessed,尚未逐条评估证据和适用范围,unassessed,unassessed
web.webview.embed,web.webview,L3,WebView嵌入,leaf,android,unknown,unreviewed,stub,not_started,unknown,0,3,0,21,unassessed,尚未逐条评估证据和适用范围,unassessed,unassessed
web.webview.embed,web.webview,L3,WebView嵌入,leaf,ios,unknown,unreviewed,stub,not_started,unknown,0,3,0,21,unassessed,尚未逐条评估证据和适用范围,unassessed,unassessed
web.webview.embed,web.webview,L3,WebView嵌入,leaf,harmonyos,unknown,unreviewed,stub,not_started,unknown,0,3,0,21,unassessed,尚未逐条评估证据和适用范围,unassessed,unassessed
